--
-- PostgreSQL database dump
--

-- Dumped from database version 11.5
-- Dumped by pg_dump version 11.8 (Ubuntu 11.8-1.pgdg16.04+1)

SET statement_timeout = 0;
SET lock_timeout = 0;
SET idle_in_transaction_session_timeout = 0;
SET client_encoding = 'UTF8';
SET standard_conforming_strings = on;
SELECT pg_catalog.set_config('search_path', '', false);
SET check_function_bodies = false;
SET xmloption = content;
SET client_min_messages = warning;
SET row_security = off;

SET default_tablespace = '';

SET default_with_oids = false;

--
-- Name: accounts; Type: TABLE; Schema: public; Owner: hugokawamata
--

CREATE TABLE public.accounts (
    id character(36) NOT NULL,
    name character varying(70) NOT NULL,
    email character varying(355) NOT NULL,
    created_at timestamp without time zone NOT NULL,
    last_login timestamp without time zone,
    google_id character varying(30),
    picture text,
    gender character varying(16)
);


ALTER TABLE public.accounts OWNER TO hugokawamata;

--
-- Name: character_results; Type: TABLE; Schema: public; Owner: hugokawamata
--

CREATE TABLE public.character_results (
    id integer NOT NULL,
    user_id character(36) NOT NULL,
    character_id integer NOT NULL,
    answers text[],
    marks text[],
    created_at timestamp without time zone
);


ALTER TABLE public.character_results OWNER TO hugokawamata;

--
-- Name: character_results_id_seq; Type: SEQUENCE; Schema: public; Owner: hugokawamata
--

CREATE SEQUENCE public.character_results_id_seq
    AS integer
    START WITH 1
    INCREMENT BY 1
    NO MINVALUE
    NO MAXVALUE
    CACHE 1;


ALTER TABLE public.character_results_id_seq OWNER TO hugokawamata;

--
-- Name: character_results_id_seq; Type: SEQUENCE OWNED BY; Schema: public; Owner: hugokawamata
--

ALTER SEQUENCE public.character_results_id_seq OWNED BY public.character_results.id;


--
-- Name: characters; Type: TABLE; Schema: public; Owner: hugokawamata
--

CREATE TABLE public.characters (
    id integer NOT NULL,
    "character" character varying(3) NOT NULL,
    type character varying(10) NOT NULL,
    readings character varying(10)[]
);


ALTER TABLE public.characters OWNER TO hugokawamata;

--
-- Name: characters_id_seq; Type: SEQUENCE; Schema: public; Owner: hugokawamata
--

CREATE SEQUENCE public.characters_id_seq
    AS integer
    START WITH 1
    INCREMENT BY 1
    NO MINVALUE
    NO MAXVALUE
    CACHE 1;


ALTER TABLE public.characters_id_seq OWNER TO hugokawamata;

--
-- Name: characters_id_seq; Type: SEQUENCE OWNED BY; Schema: public; Owner: hugokawamata
--

ALTER SEQUENCE public.characters_id_seq OWNED BY public.characters.id;


--
-- Name: courses; Type: TABLE; Schema: public; Owner: hugokawamata
--

CREATE TABLE public.courses (
    id character varying(20) NOT NULL,
    title character varying(100),
    unlocks_ids text,
    first_set_lesson_id character varying(20)
);


ALTER TABLE public.courses OWNER TO hugokawamata;

--
-- Name: lectures; Type: TABLE; Schema: public; Owner: hugokawamata
--

CREATE TABLE public.lectures (
    id integer NOT NULL,
    text text,
    image text,
    "position" character varying(31),
    set_lesson_id character varying(20),
    title character varying(100)
);


ALTER TABLE public.lectures OWNER TO hugokawamata;

--
-- Name: lectures_id_seq; Type: SEQUENCE; Schema: public; Owner: hugokawamata
--

CREATE SEQUENCE public.lectures_id_seq
    AS integer
    START WITH 1
    INCREMENT BY 1
    NO MINVALUE
    NO MAXVALUE
    CACHE 1;


ALTER TABLE public.lectures_id_seq OWNER TO hugokawamata;

--
-- Name: lectures_id_seq; Type: SEQUENCE OWNED BY; Schema: public; Owner: hugokawamata
--

ALTER SEQUENCE public.lectures_id_seq OWNED BY public.lectures.id;


--
-- Name: session; Type: TABLE; Schema: public; Owner: hugokawamata
--

CREATE TABLE public.session (
    sid character varying NOT NULL,
    sess json NOT NULL,
    expire timestamp(6) without time zone NOT NULL
);


ALTER TABLE public.session OWNER TO hugokawamata;

--
-- Name: set_lessons; Type: TABLE; Schema: public; Owner: hugokawamata
--

CREATE TABLE public.set_lessons (
    id character varying(20) NOT NULL,
    title character varying(80) NOT NULL,
    image text,
    unlocks_ids text,
    course_id character varying(20),
    skill_level character varying(32),
    time_estimate integer
);


ALTER TABLE public.set_lessons OWNER TO hugokawamata;

--
-- Name: testable_results; Type: TABLE; Schema: public; Owner: hugokawamata
--

CREATE TABLE public.testable_results (
    id integer NOT NULL,
    created_at timestamp without time zone NOT NULL,
    answers text[],
    marks text[],
    user_id character(36) NOT NULL,
    testable_id integer NOT NULL
);


ALTER TABLE public.testable_results OWNER TO hugokawamata;

--
-- Name: testable_results_id_seq; Type: SEQUENCE; Schema: public; Owner: hugokawamata
--

CREATE SEQUENCE public.testable_results_id_seq
    AS integer
    START WITH 1
    INCREMENT BY 1
    NO MINVALUE
    NO MAXVALUE
    CACHE 1;


ALTER TABLE public.testable_results_id_seq OWNER TO hugokawamata;

--
-- Name: testable_results_id_seq; Type: SEQUENCE OWNED BY; Schema: public; Owner: hugokawamata
--

ALTER SEQUENCE public.testable_results_id_seq OWNED BY public.testable_results.id;


--
-- Name: testables; Type: TABLE; Schema: public; Owner: hugokawamata
--

CREATE TABLE public.testables (
    id integer NOT NULL,
    set_lesson_id character varying(20) NOT NULL,
    person character varying(40),
    location character varying(40),
    context_jp text,
    context_fg text,
    context_en text,
    possible_answers text,
    question_text text,
    question_text_fg text,
    word_id integer,
    question_type character varying(20) NOT NULL,
    order_in_lesson integer NOT NULL,
    context_speaker text,
    answer_type character varying(20) NOT NULL,
    question_prompt text
);


ALTER TABLE public.testables OWNER TO hugokawamata;

--
-- Name: testables_id_seq; Type: SEQUENCE; Schema: public; Owner: hugokawamata
--

CREATE SEQUENCE public.testables_id_seq
    AS integer
    START WITH 1
    INCREMENT BY 1
    NO MINVALUE
    NO MAXVALUE
    CACHE 1;


ALTER TABLE public.testables_id_seq OWNER TO hugokawamata;

--
-- Name: testables_id_seq; Type: SEQUENCE OWNED BY; Schema: public; Owner: hugokawamata
--

ALTER SEQUENCE public.testables_id_seq OWNED BY public.testables.id;


--
-- Name: user_characters; Type: TABLE; Schema: public; Owner: hugokawamata
--

CREATE TABLE public.user_characters (
    user_id character(36) NOT NULL,
    character_id integer NOT NULL,
    proficiency real NOT NULL,
    result_ids integer[],
    mnemonic character varying(255)
);


ALTER TABLE public.user_characters OWNER TO hugokawamata;

--
-- Name: user_courses; Type: TABLE; Schema: public; Owner: hugokawamata
--

CREATE TABLE public.user_courses (
    user_id character(36) NOT NULL,
    course_id character varying(20) NOT NULL,
    status character varying(15) NOT NULL,
    completed_at date
);


ALTER TABLE public.user_courses OWNER TO hugokawamata;

--
-- Name: user_set_lessons; Type: TABLE; Schema: public; Owner: hugokawamata
--

CREATE TABLE public.user_set_lessons (
    user_id character(36) NOT NULL,
    set_lesson_id character varying(20) NOT NULL,
    status character varying(15) NOT NULL,
    completed_at date
);


ALTER TABLE public.user_set_lessons OWNER TO hugokawamata;

--
-- Name: user_testables; Type: TABLE; Schema: public; Owner: hugokawamata
--

CREATE TABLE public.user_testables (
    proficiency real NOT NULL,
    user_id character(36) NOT NULL,
    testable_id integer NOT NULL
);


ALTER TABLE public.user_testables OWNER TO hugokawamata;

--
-- Name: user_words; Type: TABLE; Schema: public; Owner: hugokawamata
--

CREATE TABLE public.user_words (
    user_id character(36) NOT NULL,
    word_id integer NOT NULL,
    proficiency real NOT NULL,
    mnemonic character varying(255)
);


ALTER TABLE public.user_words OWNER TO hugokawamata;

--
-- Name: word_results; Type: TABLE; Schema: public; Owner: hugokawamata
--

CREATE TABLE public.word_results (
    id integer NOT NULL,
    created_at timestamp without time zone NOT NULL,
    answers text[],
    marks text[],
    user_id character(36) NOT NULL,
    word_id integer NOT NULL
);


ALTER TABLE public.word_results OWNER TO hugokawamata;

--
-- Name: word_results_id_seq; Type: SEQUENCE; Schema: public; Owner: hugokawamata
--

CREATE SEQUENCE public.word_results_id_seq
    AS integer
    START WITH 1
    INCREMENT BY 1
    NO MINVALUE
    NO MAXVALUE
    CACHE 1;


ALTER TABLE public.word_results_id_seq OWNER TO hugokawamata;

--
-- Name: word_results_id_seq; Type: SEQUENCE OWNED BY; Schema: public; Owner: hugokawamata
--

ALTER SEQUENCE public.word_results_id_seq OWNED BY public.word_results.id;


--
-- Name: words; Type: TABLE; Schema: public; Owner: hugokawamata
--

CREATE TABLE public.words (
    id integer NOT NULL,
    japanese character varying(50) NOT NULL,
    hiragana character varying(50) NOT NULL,
    english character varying(255) NOT NULL,
    introduction character varying(255),
    emoji character varying(10),
    image character varying(255),
    set_lesson_id character varying(20)
);


ALTER TABLE public.words OWNER TO hugokawamata;

--
-- Name: words_id_seq; Type: SEQUENCE; Schema: public; Owner: hugokawamata
--

CREATE SEQUENCE public.words_id_seq
    AS integer
    START WITH 1
    INCREMENT BY 1
    NO MINVALUE
    NO MAXVALUE
    CACHE 1;


ALTER TABLE public.words_id_seq OWNER TO hugokawamata;

--
-- Name: words_id_seq; Type: SEQUENCE OWNED BY; Schema: public; Owner: hugokawamata
--

ALTER SEQUENCE public.words_id_seq OWNED BY public.words.id;


--
-- Name: character_results id; Type: DEFAULT; Schema: public; Owner: hugokawamata
--

ALTER TABLE ONLY public.character_results ALTER COLUMN id SET DEFAULT nextval('public.character_results_id_seq'::regclass);


--
-- Name: characters id; Type: DEFAULT; Schema: public; Owner: hugokawamata
--

ALTER TABLE ONLY public.characters ALTER COLUMN id SET DEFAULT nextval('public.characters_id_seq'::regclass);


--
-- Name: lectures id; Type: DEFAULT; Schema: public; Owner: hugokawamata
--

ALTER TABLE ONLY public.lectures ALTER COLUMN id SET DEFAULT nextval('public.lectures_id_seq'::regclass);


--
-- Name: testable_results id; Type: DEFAULT; Schema: public; Owner: hugokawamata
--

ALTER TABLE ONLY public.testable_results ALTER COLUMN id SET DEFAULT nextval('public.testable_results_id_seq'::regclass);


--
-- Name: testables id; Type: DEFAULT; Schema: public; Owner: hugokawamata
--

ALTER TABLE ONLY public.testables ALTER COLUMN id SET DEFAULT nextval('public.testables_id_seq'::regclass);


--
-- Name: word_results id; Type: DEFAULT; Schema: public; Owner: hugokawamata
--

ALTER TABLE ONLY public.word_results ALTER COLUMN id SET DEFAULT nextval('public.word_results_id_seq'::regclass);


--
-- Name: words id; Type: DEFAULT; Schema: public; Owner: hugokawamata
--

ALTER TABLE ONLY public.words ALTER COLUMN id SET DEFAULT nextval('public.words_id_seq'::regclass);


--
-- Data for Name: accounts; Type: TABLE DATA; Schema: public; Owner: hugokawamata
--

COPY public.accounts (id, name, email, created_at, last_login, google_id, picture, gender) FROM stdin;
3d7e40ad-3fe9-5f38-90d4-cd9ac653664f	Ella Byrd	ellabyrd.85826@gmail.com	2020-07-20 15:19:05.949918	2020-07-20 15:19:26.277667	\N	https://lh5.googleusercontent.com/-0kNP0Kelw6E/AAAAAAAAAAI/AAAAAAAAAAA/AMZuucllYHzP3yZ8opCiM4AEJcUdIsCm1w/s96-c/photo.jpg	\N
2b7b56be-3bdb-5f38-b28b-6ee83bd89cbd	BagIt Australia	bagitaustralia@gmail.com	2020-06-30 07:17:36.604199	2020-06-30 07:17:36.604199	\N	https://lh3.googleusercontent.com/a-/AOh14GgiM39X0YnjJePZA0GilyxxG1OabQJdMnQCoNLD=s96-c	F
267c8d8e-5ba7-5765-beff-fd7bd66052d6	Hugo Kawamata	hugokawamata@gmail.com	2020-06-22 07:37:06.421345	2020-08-17 07:00:40.975823	\N	https://lh3.googleusercontent.com/a-/AOh14GjQxff4bMXazZAMi7wrxGu_p7h56miymZmKn93dXQ=s96-c	M
4b8685eb-af41-538e-81a8-7127823df22b	Sai Whiley	sai.whiley196@gmail.com	2020-08-01 23:33:38.651872	2020-08-18 04:49:21.195201	\N	https://lh3.googleusercontent.com/a-/AOh14Ggp8ZSKnOP7MMCgI9oM5LYKpLbygkY98hYtaMZInQ=s96-c	M
0a893a59-2311-5c65-a908-c41a9b43aea7	Hugo Kawamata	hugo@tanda.co	2020-07-13 04:40:50.058237	2020-08-20 10:00:32.278612	\N	https://lh3.googleusercontent.com/a-/AOh14GiDjPufzMoerqrnIH5aM_4r9iJk3JqqZE9gUGS4=s96-c	M
76aaa9f3-f4d6-5f7e-85f4-ef9915d93bd3	Holistic Japanese	holisticjapanese@gmail.com	2020-06-28 06:02:08.474602	2020-07-06 21:27:42.582819	\N	https://lh3.googleusercontent.com/-i6ZUJk8xQgk/AAAAAAAAAAI/AAAAAAAAAAA/AMZuucnojwOovfHfYmFhpVjRdDWc4-7YHw/s96-c/photo.jpg	F
e758a541-973b-5922-8090-339365f29818	Trang Ho	trang@tatoeba.org	2020-07-20 14:51:02.254908	2020-07-20 14:51:02.254908	\N	https://lh6.googleusercontent.com/-MLuDlsnC1-g/AAAAAAAAAAI/AAAAAAAAAAA/AMZuuclutCbJjpJ2s2Awrp7YXiCaxgcQhA/s96-c/photo.jpg	F
\.


--
-- Data for Name: character_results; Type: TABLE DATA; Schema: public; Owner: hugokawamata
--

COPY public.character_results (id, user_id, character_id, answers, marks, created_at) FROM stdin;
653	267c8d8e-5ba7-5765-beff-fd7bd66052d6	1	{a,a,a}	{CORRECT,CORRECT,CORRECT}	2020-06-25 09:01:16.621684
654	267c8d8e-5ba7-5765-beff-fd7bd66052d6	5	{o,o,o}	{CORRECT,CORRECT,CORRECT}	2020-06-25 09:01:16.621684
655	267c8d8e-5ba7-5765-beff-fd7bd66052d6	2	{i,i,i,i,i,i}	{CORRECT,CORRECT,CORRECT,CORRECT,CORRECT,CORRECT}	2020-06-25 09:01:16.621684
656	267c8d8e-5ba7-5765-beff-fd7bd66052d6	4	{e,e,e,e,e,e,e,e,e}	{CORRECT,CORRECT,CORRECT,CORRECT,CORRECT,CORRECT,CORRECT,CORRECT,CORRECT}	2020-06-25 09:01:16.621684
657	267c8d8e-5ba7-5765-beff-fd7bd66052d6	3	{u,u,u}	{CORRECT,CORRECT,CORRECT}	2020-06-25 09:01:16.621684
658	267c8d8e-5ba7-5765-beff-fd7bd66052d6	1	{a,a,a}	{CORRECT,CORRECT,CORRECT}	2020-06-25 09:01:58.35025
659	267c8d8e-5ba7-5765-beff-fd7bd66052d6	6	{ka,ka,ka,ka,ka,ka}	{CORRECT,CORRECT,CORRECT,CORRECT,CORRECT,CORRECT}	2020-06-25 09:01:58.35025
660	267c8d8e-5ba7-5765-beff-fd7bd66052d6	4	{e,e,e}	{CORRECT,CORRECT,CORRECT}	2020-06-25 09:01:58.35025
661	267c8d8e-5ba7-5765-beff-fd7bd66052d6	7	{ki,ki,ki}	{CORRECT,CORRECT,CORRECT}	2020-06-25 09:01:58.35025
662	267c8d8e-5ba7-5765-beff-fd7bd66052d6	8	{ku,ku,ku,ku,ku,ku}	{CORRECT,CORRECT,CORRECT,CORRECT,CORRECT,CORRECT}	2020-06-25 09:01:58.35025
663	267c8d8e-5ba7-5765-beff-fd7bd66052d6	3	{u,u,u}	{CORRECT,CORRECT,CORRECT}	2020-06-25 09:01:58.35025
664	267c8d8e-5ba7-5765-beff-fd7bd66052d6	10	{ko,ko,ko}	{CORRECT,CORRECT,CORRECT}	2020-06-25 09:01:58.35025
665	267c8d8e-5ba7-5765-beff-fd7bd66052d6	9	{ke,ke,ke}	{CORRECT,CORRECT,CORRECT}	2020-06-25 09:01:58.35025
666	267c8d8e-5ba7-5765-beff-fd7bd66052d6	2	{i,i,i}	{CORRECT,CORRECT,CORRECT}	2020-06-25 09:01:58.35025
667	267c8d8e-5ba7-5765-beff-fd7bd66052d6	4	{e,e,e,e,e,e}	{CORRECT,CORRECT,CORRECT,CORRECT,CORRECT,CORRECT}	2020-06-25 09:03:05.563748
668	267c8d8e-5ba7-5765-beff-fd7bd66052d6	2	{i,i,i,i,i,i}	{CORRECT,CORRECT,CORRECT,CORRECT,CORRECT,CORRECT}	2020-06-25 09:03:05.563748
669	267c8d8e-5ba7-5765-beff-fd7bd66052d6	16	{ga,ga,ga}	{CORRECT,CORRECT,CORRECT}	2020-06-25 09:03:05.563748
670	267c8d8e-5ba7-5765-beff-fd7bd66052d6	6	{ka,ka,ka,ka,ka,ka,ka,ka,ka}	{CORRECT,CORRECT,CORRECT,CORRECT,CORRECT,CORRECT,CORRECT,CORRECT,CORRECT}	2020-06-25 09:03:05.563748
671	267c8d8e-5ba7-5765-beff-fd7bd66052d6	17	{gi,gi,gi}	{CORRECT,CORRECT,CORRECT}	2020-06-25 09:03:05.563748
672	267c8d8e-5ba7-5765-beff-fd7bd66052d6	20	{go,go,go}	{CORRECT,CORRECT,CORRECT}	2020-06-25 09:03:05.563748
673	267c8d8e-5ba7-5765-beff-fd7bd66052d6	19	{ge,ge,ge}	{CORRECT,CORRECT,CORRECT}	2020-06-25 09:03:05.563748
674	267c8d8e-5ba7-5765-beff-fd7bd66052d6	18	{gu,gu,gu}	{CORRECT,CORRECT,CORRECT}	2020-06-25 09:03:05.563748
675	267c8d8e-5ba7-5765-beff-fd7bd66052d6	5	{o,o,o}	{CORRECT,CORRECT,CORRECT}	2020-06-25 09:04:02.322464
676	267c8d8e-5ba7-5765-beff-fd7bd66052d6	15	{so,so,so}	{CORRECT,CORRECT,CORRECT}	2020-06-25 09:04:02.322464
677	267c8d8e-5ba7-5765-beff-fd7bd66052d6	2	{i,i,i,i,i,i,i,i,i}	{CORRECT,CORRECT,CORRECT,CORRECT,CORRECT,CORRECT,CORRECT,CORRECT,CORRECT}	2020-06-25 09:04:02.322464
678	267c8d8e-5ba7-5765-beff-fd7bd66052d6	11	{sa,sa,sa}	{CORRECT,CORRECT,CORRECT}	2020-06-25 09:04:02.322464
679	267c8d8e-5ba7-5765-beff-fd7bd66052d6	9	{ke,ke,ke}	{CORRECT,CORRECT,CORRECT}	2020-06-25 09:04:02.322464
680	267c8d8e-5ba7-5765-beff-fd7bd66052d6	13	{su,su,su,su,su,su}	{CORRECT,CORRECT,CORRECT,CORRECT,CORRECT,CORRECT}	2020-06-25 09:04:02.322464
681	267c8d8e-5ba7-5765-beff-fd7bd66052d6	12	{shi,shi,shi}	{CORRECT,CORRECT,CORRECT}	2020-06-25 09:04:02.322464
682	267c8d8e-5ba7-5765-beff-fd7bd66052d6	16	{ga,ga,ga}	{CORRECT,CORRECT,CORRECT}	2020-06-25 09:04:02.322464
683	267c8d8e-5ba7-5765-beff-fd7bd66052d6	8	{ku,ku,ku}	{CORRECT,CORRECT,CORRECT}	2020-06-25 09:04:02.322464
684	267c8d8e-5ba7-5765-beff-fd7bd66052d6	14	{se,se,se}	{CORRECT,CORRECT,CORRECT}	2020-06-25 09:04:02.322464
685	267c8d8e-5ba7-5765-beff-fd7bd66052d6	20	{go,go,go}	{CORRECT,CORRECT,CORRECT}	2020-06-25 09:04:02.322464
686	267c8d8e-5ba7-5765-beff-fd7bd66052d6	6	{ka,ka,ka,ka,ka,ka}	{CORRECT,CORRECT,CORRECT,CORRECT,CORRECT,CORRECT}	2020-06-25 09:05:01.870588
687	267c8d8e-5ba7-5765-beff-fd7bd66052d6	24	{ze,ze,ze}	{CORRECT,CORRECT,CORRECT}	2020-06-25 09:05:01.870588
688	267c8d8e-5ba7-5765-beff-fd7bd66052d6	25	{zo,zo,zo}	{CORRECT,CORRECT,CORRECT}	2020-06-25 09:05:01.870588
689	267c8d8e-5ba7-5765-beff-fd7bd66052d6	3	{u,u,u}	{CORRECT,CORRECT,CORRECT}	2020-06-25 09:05:01.870588
690	267c8d8e-5ba7-5765-beff-fd7bd66052d6	21	{za,za,za}	{CORRECT,CORRECT,CORRECT}	2020-06-25 09:05:01.870588
691	267c8d8e-5ba7-5765-beff-fd7bd66052d6	105	{s,s,s}	{INCORRECT,INCORRECT,INCORRECT}	2020-06-25 09:05:01.870588
692	267c8d8e-5ba7-5765-beff-fd7bd66052d6	12	{shi,shi,shi,shi,shi,shi}	{CORRECT,CORRECT,CORRECT,CORRECT,CORRECT,CORRECT}	2020-06-25 09:05:01.870588
693	267c8d8e-5ba7-5765-beff-fd7bd66052d6	23	{zu,zu,zu}	{CORRECT,CORRECT,CORRECT}	2020-06-25 09:05:01.870588
694	267c8d8e-5ba7-5765-beff-fd7bd66052d6	1	{a,a,a}	{CORRECT,CORRECT,CORRECT}	2020-06-25 09:05:01.870588
695	267c8d8e-5ba7-5765-beff-fd7bd66052d6	22	{ji,ji,ji}	{CORRECT,CORRECT,CORRECT}	2020-06-25 09:05:01.870588
696	267c8d8e-5ba7-5765-beff-fd7bd66052d6	28	{tsu,tsu,tsu}	{CORRECT,CORRECT,CORRECT}	2020-06-25 09:06:25.196603
697	267c8d8e-5ba7-5765-beff-fd7bd66052d6	17	{gi,gi,gi}	{CORRECT,CORRECT,CORRECT}	2020-06-25 09:06:25.196603
698	267c8d8e-5ba7-5765-beff-fd7bd66052d6	30	{to,to,to}	{CORRECT,CORRECT,CORRECT}	2020-06-25 09:06:25.196603
699	267c8d8e-5ba7-5765-beff-fd7bd66052d6	12	{shi,shi,shi}	{CORRECT,CORRECT,CORRECT}	2020-06-25 09:06:25.196603
700	267c8d8e-5ba7-5765-beff-fd7bd66052d6	27	{chi,chi,chi}	{CORRECT,CORRECT,CORRECT}	2020-06-25 09:06:25.196603
701	267c8d8e-5ba7-5765-beff-fd7bd66052d6	2	{i,i,i,i,i,i}	{CORRECT,CORRECT,CORRECT,CORRECT,CORRECT,CORRECT}	2020-06-25 09:06:25.196603
702	267c8d8e-5ba7-5765-beff-fd7bd66052d6	11	{sa,sa,sa}	{CORRECT,CORRECT,CORRECT}	2020-06-25 09:06:25.196603
703	267c8d8e-5ba7-5765-beff-fd7bd66052d6	29	{te,te,te}	{CORRECT,CORRECT,CORRECT}	2020-06-25 09:06:25.196603
704	267c8d8e-5ba7-5765-beff-fd7bd66052d6	26	{ta,ta,ta}	{CORRECT,CORRECT,CORRECT}	2020-06-25 09:06:25.196603
705	267c8d8e-5ba7-5765-beff-fd7bd66052d6	6	{ka,ka,ka}	{CORRECT,CORRECT,CORRECT}	2020-06-25 09:06:25.196603
706	267c8d8e-5ba7-5765-beff-fd7bd66052d6	31	{da,da,da}	{CORRECT,CORRECT,CORRECT}	2020-06-25 09:07:23.506213
707	267c8d8e-5ba7-5765-beff-fd7bd66052d6	2	{i,i,i}	{CORRECT,CORRECT,CORRECT}	2020-06-25 09:07:23.506213
708	267c8d8e-5ba7-5765-beff-fd7bd66052d6	16	{ga,ga,ga}	{CORRECT,CORRECT,CORRECT}	2020-06-25 09:07:23.506213
709	267c8d8e-5ba7-5765-beff-fd7bd66052d6	8	{ku,ku,ku}	{CORRECT,CORRECT,CORRECT}	2020-06-25 09:07:23.506213
710	267c8d8e-5ba7-5765-beff-fd7bd66052d6	34	{de,de,de}	{CORRECT,CORRECT,CORRECT}	2020-06-25 09:07:23.506213
711	267c8d8e-5ba7-5765-beff-fd7bd66052d6	13	{su,su,su}	{CORRECT,CORRECT,CORRECT}	2020-06-25 09:07:23.506213
712	267c8d8e-5ba7-5765-beff-fd7bd66052d6	35	{do,do}	{CORRECT,CORRECT}	2020-06-25 09:07:23.506213
713	267c8d8e-5ba7-5765-beff-fd7bd66052d6	3	{u,u}	{CORRECT,CORRECT}	2020-06-25 09:07:23.506213
714	267c8d8e-5ba7-5765-beff-fd7bd66052d6	12	{shi,shi}	{CORRECT,CORRECT}	2020-06-25 09:07:23.506213
715	267c8d8e-5ba7-5765-beff-fd7bd66052d6	29	{te,te}	{CORRECT,CORRECT}	2020-06-25 09:07:23.506213
716	267c8d8e-5ba7-5765-beff-fd7bd66052d6	2	{i,i,i}	{CORRECT,CORRECT,CORRECT}	2020-06-25 09:09:50.492717
717	267c8d8e-5ba7-5765-beff-fd7bd66052d6	38	{nu,nu,nu}	{CORRECT,CORRECT,CORRECT}	2020-06-25 09:09:50.492717
718	267c8d8e-5ba7-5765-beff-fd7bd66052d6	7	{ki,ki,ki}	{CORRECT,CORRECT,CORRECT}	2020-06-25 09:09:50.492717
719	267c8d8e-5ba7-5765-beff-fd7bd66052d6	40	{no,no,no}	{CORRECT,CORRECT,CORRECT}	2020-06-25 09:09:50.492717
720	267c8d8e-5ba7-5765-beff-fd7bd66052d6	3	{u,u,u}	{CORRECT,CORRECT,CORRECT}	2020-06-25 09:09:50.492717
721	267c8d8e-5ba7-5765-beff-fd7bd66052d6	36	{na,na,na}	{CORRECT,CORRECT,CORRECT}	2020-06-25 09:09:50.492717
722	267c8d8e-5ba7-5765-beff-fd7bd66052d6	37	{ni,ni,ni}	{CORRECT,CORRECT,CORRECT}	2020-06-25 09:09:50.492717
723	267c8d8e-5ba7-5765-beff-fd7bd66052d6	39	{ne,ne,ne}	{CORRECT,CORRECT,CORRECT}	2020-06-25 09:09:50.492717
724	267c8d8e-5ba7-5765-beff-fd7bd66052d6	10	{ko,ko,ko}	{CORRECT,CORRECT,CORRECT}	2020-06-25 09:09:50.492717
725	267c8d8e-5ba7-5765-beff-fd7bd66052d6	5	{o,o,o}	{CORRECT,CORRECT,CORRECT}	2020-06-25 09:11:24.052739
726	267c8d8e-5ba7-5765-beff-fd7bd66052d6	71	{n,n,n,n,n,n,n,n}	{CORRECT,CORRECT,CORRECT,CORRECT,CORRECT,CORRECT,CORRECT,CORRECT}	2020-06-25 09:11:24.052739
727	267c8d8e-5ba7-5765-beff-fd7bd66052d6	14	{se,se,se}	{CORRECT,CORRECT,CORRECT}	2020-06-25 09:11:24.052739
728	267c8d8e-5ba7-5765-beff-fd7bd66052d6	19	{ge,ge,ge}	{CORRECT,CORRECT,CORRECT}	2020-06-25 09:11:24.052739
729	267c8d8e-5ba7-5765-beff-fd7bd66052d6	7	{ki,ki,ki}	{CORRECT,CORRECT,CORRECT}	2020-06-25 09:11:24.052739
730	267c8d8e-5ba7-5765-beff-fd7bd66052d6	16	{ga,ga}	{CORRECT,CORRECT}	2020-06-25 09:11:24.052739
731	267c8d8e-5ba7-5765-beff-fd7bd66052d6	2	{i,i}	{CORRECT,CORRECT}	2020-06-25 09:11:24.052739
732	267c8d8e-5ba7-5765-beff-fd7bd66052d6	10	{ko,ko}	{CORRECT,CORRECT}	2020-06-25 09:11:24.052739
733	267c8d8e-5ba7-5765-beff-fd7bd66052d6	8	{ku,ku}	{CORRECT,CORRECT}	2020-06-25 09:11:24.052739
734	267c8d8e-5ba7-5765-beff-fd7bd66052d6	22	{ji,ji}	{CORRECT,CORRECT}	2020-06-25 09:11:24.052739
735	267c8d8e-5ba7-5765-beff-fd7bd66052d6	42	{hi,hi,hi}	{CORRECT,CORRECT,CORRECT}	2020-06-25 09:12:17.881725
736	267c8d8e-5ba7-5765-beff-fd7bd66052d6	30	{to,to,to,to,to,to}	{CORRECT,CORRECT,CORRECT,CORRECT,CORRECT,CORRECT}	2020-06-25 09:12:17.881725
737	267c8d8e-5ba7-5765-beff-fd7bd66052d6	41	{ha,ha,ha}	{CORRECT,CORRECT,CORRECT}	2020-06-25 09:12:17.881725
738	267c8d8e-5ba7-5765-beff-fd7bd66052d6	2	{i,i,i}	{CORRECT,CORRECT,CORRECT}	2020-06-25 09:12:17.881725
739	267c8d8e-5ba7-5765-beff-fd7bd66052d6	3	{u,u,u}	{CORRECT,CORRECT,CORRECT}	2020-06-25 09:12:17.881725
740	267c8d8e-5ba7-5765-beff-fd7bd66052d6	43	{fu,fu,fu}	{CORRECT,CORRECT,CORRECT}	2020-06-25 09:12:17.881725
741	267c8d8e-5ba7-5765-beff-fd7bd66052d6	44	{he,he,he}	{CORRECT,CORRECT,CORRECT}	2020-06-25 09:12:17.881725
742	267c8d8e-5ba7-5765-beff-fd7bd66052d6	71	{n,n,n,n,n,n}	{CORRECT,CORRECT,CORRECT,CORRECT,CORRECT,CORRECT}	2020-06-25 09:12:17.881725
743	267c8d8e-5ba7-5765-beff-fd7bd66052d6	37	{ni,ni,ni}	{CORRECT,CORRECT,CORRECT}	2020-06-25 09:12:17.881725
744	267c8d8e-5ba7-5765-beff-fd7bd66052d6	45	{ho,ho,ho}	{CORRECT,CORRECT,CORRECT}	2020-06-25 09:12:17.881725
745	267c8d8e-5ba7-5765-beff-fd7bd66052d6	46	{ba,ba,ba}	{CORRECT,CORRECT,CORRECT}	2020-06-25 09:15:23.261746
746	267c8d8e-5ba7-5765-beff-fd7bd66052d6	6	{ka,ka,ka}	{CORRECT,CORRECT,CORRECT}	2020-06-25 09:15:23.261746
747	267c8d8e-5ba7-5765-beff-fd7bd66052d6	50	{bo,bo,bo}	{CORRECT,CORRECT,CORRECT}	2020-06-25 09:15:23.261746
748	267c8d8e-5ba7-5765-beff-fd7bd66052d6	8	{ku,ku,ku}	{CORRECT,CORRECT,CORRECT}	2020-06-25 09:15:23.261746
749	267c8d8e-5ba7-5765-beff-fd7bd66052d6	42	{hi,hi,hi}	{CORRECT,CORRECT,CORRECT}	2020-06-25 09:15:23.261746
750	267c8d8e-5ba7-5765-beff-fd7bd66052d6	30	{to,to,to,to,to,to}	{CORRECT,CORRECT,CORRECT,CORRECT,CORRECT,CORRECT}	2020-06-25 09:15:23.261746
751	267c8d8e-5ba7-5765-beff-fd7bd66052d6	47	{bi,bi,bi}	{CORRECT,CORRECT,CORRECT}	2020-06-25 09:15:23.261746
752	267c8d8e-5ba7-5765-beff-fd7bd66052d6	1	{a,a,a}	{CORRECT,CORRECT,CORRECT}	2020-06-25 09:15:23.261746
753	267c8d8e-5ba7-5765-beff-fd7bd66052d6	48	{bu,bu,bu}	{CORRECT,CORRECT,CORRECT}	2020-06-25 09:15:23.261746
754	267c8d8e-5ba7-5765-beff-fd7bd66052d6	36	{na,na,na}	{CORRECT,CORRECT,CORRECT}	2020-06-25 09:15:23.261746
755	267c8d8e-5ba7-5765-beff-fd7bd66052d6	2	{i,i,i}	{CORRECT,CORRECT,CORRECT}	2020-06-25 09:15:23.261746
756	267c8d8e-5ba7-5765-beff-fd7bd66052d6	5	{o,o,o}	{CORRECT,CORRECT,CORRECT}	2020-06-25 09:15:23.261746
757	267c8d8e-5ba7-5765-beff-fd7bd66052d6	49	{be,be,be}	{CORRECT,CORRECT,CORRECT}	2020-06-25 09:15:23.261746
758	267c8d8e-5ba7-5765-beff-fd7bd66052d6	71	{n,n,n}	{CORRECT,CORRECT,CORRECT}	2020-06-25 09:15:23.261746
759	267c8d8e-5ba7-5765-beff-fd7bd66052d6	3	{u,u,u}	{CORRECT,CORRECT,CORRECT}	2020-06-25 09:15:23.261746
760	267c8d8e-5ba7-5765-beff-fd7bd66052d6	3	{u,u,u}	{CORRECT,CORRECT,CORRECT}	2020-06-25 09:16:21.912479
761	267c8d8e-5ba7-5765-beff-fd7bd66052d6	56	{ma,ma,ma,ma,ma,ma}	{CORRECT,CORRECT,CORRECT,CORRECT,CORRECT,CORRECT}	2020-06-25 09:16:21.912479
762	267c8d8e-5ba7-5765-beff-fd7bd66052d6	2	{i,i,i,i,i,i}	{CORRECT,CORRECT,CORRECT,CORRECT,CORRECT,CORRECT}	2020-06-25 09:16:21.912479
763	267c8d8e-5ba7-5765-beff-fd7bd66052d6	13	{su,su,su,su,su,su}	{CORRECT,CORRECT,CORRECT,CORRECT,CORRECT,CORRECT}	2020-06-25 09:16:21.912479
764	267c8d8e-5ba7-5765-beff-fd7bd66052d6	57	{mi,mi,mi}	{CORRECT,CORRECT,CORRECT}	2020-06-25 09:16:21.912479
765	267c8d8e-5ba7-5765-beff-fd7bd66052d6	14	{se,se,se}	{CORRECT,CORRECT,CORRECT}	2020-06-25 09:16:21.912479
766	267c8d8e-5ba7-5765-beff-fd7bd66052d6	71	{n,n,n}	{CORRECT,CORRECT,CORRECT}	2020-06-25 09:16:21.912479
767	267c8d8e-5ba7-5765-beff-fd7bd66052d6	5	{o,o,o}	{CORRECT,CORRECT,CORRECT}	2020-06-25 09:16:21.912479
768	267c8d8e-5ba7-5765-beff-fd7bd66052d6	59	{me,me,me}	{CORRECT,CORRECT,CORRECT}	2020-06-25 09:16:21.912479
769	267c8d8e-5ba7-5765-beff-fd7bd66052d6	11	{sa,sa,sa}	{CORRECT,CORRECT,CORRECT}	2020-06-25 09:16:21.912479
770	267c8d8e-5ba7-5765-beff-fd7bd66052d6	58	{mu,mu,mu}	{CORRECT,CORRECT,CORRECT}	2020-06-25 09:16:21.912479
771	267c8d8e-5ba7-5765-beff-fd7bd66052d6	60	{mo,mo,mo}	{CORRECT,CORRECT,CORRECT}	2020-06-25 09:16:21.912479
772	267c8d8e-5ba7-5765-beff-fd7bd66052d6	40	{no,no,no}	{CORRECT,CORRECT,CORRECT}	2020-06-25 09:16:21.912479
773	267c8d8e-5ba7-5765-beff-fd7bd66052d6	69	{wa,wa,wa,wa,wa,wa}	{CORRECT,CORRECT,CORRECT,CORRECT,CORRECT,CORRECT}	2020-06-25 09:17:03.322651
774	267c8d8e-5ba7-5765-beff-fd7bd66052d6	26	{ta,ta,ta}	{CORRECT,CORRECT,CORRECT}	2020-06-25 09:17:03.322651
775	267c8d8e-5ba7-5765-beff-fd7bd66052d6	12	{shi,shi,shi}	{CORRECT,CORRECT,CORRECT}	2020-06-25 09:17:03.322651
776	267c8d8e-5ba7-5765-beff-fd7bd66052d6	6	{ka,ka,ka}	{CORRECT,CORRECT,CORRECT}	2020-06-25 09:17:03.322651
777	267c8d8e-5ba7-5765-beff-fd7bd66052d6	2	{i,i,i}	{CORRECT,CORRECT,CORRECT}	2020-06-25 09:17:03.322651
778	267c8d8e-5ba7-5765-beff-fd7bd66052d6	70	{wo,wo}	{CORRECT,CORRECT}	2020-06-25 09:17:03.322651
779	76aaa9f3-f4d6-5f7e-85f4-ef9915d93bd3	1	{a}	{CORRECT}	2020-06-30 07:37:15.041385
780	76aaa9f3-f4d6-5f7e-85f4-ef9915d93bd3	5	{o}	{CORRECT}	2020-06-30 07:37:15.041385
781	76aaa9f3-f4d6-5f7e-85f4-ef9915d93bd3	2	{i,i}	{CORRECT,CORRECT}	2020-06-30 07:37:15.041385
782	76aaa9f3-f4d6-5f7e-85f4-ef9915d93bd3	3	{u}	{CORRECT}	2020-06-30 07:37:15.041385
783	76aaa9f3-f4d6-5f7e-85f4-ef9915d93bd3	4	{e,o,o}	{CORRECT,INCORRECT,INCORRECT}	2020-06-30 07:37:15.041385
784	76aaa9f3-f4d6-5f7e-85f4-ef9915d93bd3	1	{a}	{CORRECT}	2020-06-30 07:41:06.585851
785	76aaa9f3-f4d6-5f7e-85f4-ef9915d93bd3	5	{o}	{CORRECT}	2020-06-30 07:41:06.585851
786	76aaa9f3-f4d6-5f7e-85f4-ef9915d93bd3	2	{i,i}	{CORRECT,CORRECT}	2020-06-30 07:41:06.585851
787	76aaa9f3-f4d6-5f7e-85f4-ef9915d93bd3	3	{u}	{CORRECT}	2020-06-30 07:41:06.585851
788	76aaa9f3-f4d6-5f7e-85f4-ef9915d93bd3	4	{e,e,e}	{CORRECT,CORRECT,CORRECT}	2020-06-30 07:41:06.585851
789	76aaa9f3-f4d6-5f7e-85f4-ef9915d93bd3	1	{a}	{CORRECT}	2020-06-30 07:41:09.177435
790	76aaa9f3-f4d6-5f7e-85f4-ef9915d93bd3	5	{o}	{CORRECT}	2020-06-30 07:41:09.177435
791	76aaa9f3-f4d6-5f7e-85f4-ef9915d93bd3	2	{i,i}	{CORRECT,CORRECT}	2020-06-30 07:41:09.177435
792	76aaa9f3-f4d6-5f7e-85f4-ef9915d93bd3	3	{u}	{CORRECT}	2020-06-30 07:41:09.177435
793	76aaa9f3-f4d6-5f7e-85f4-ef9915d93bd3	4	{e,e,e}	{CORRECT,CORRECT,CORRECT}	2020-06-30 07:41:09.177435
794	76aaa9f3-f4d6-5f7e-85f4-ef9915d93bd3	1	{a}	{CORRECT}	2020-06-30 07:41:11.50631
795	76aaa9f3-f4d6-5f7e-85f4-ef9915d93bd3	5	{o}	{CORRECT}	2020-06-30 07:41:11.50631
796	76aaa9f3-f4d6-5f7e-85f4-ef9915d93bd3	2	{i,i}	{CORRECT,CORRECT}	2020-06-30 07:41:11.50631
797	76aaa9f3-f4d6-5f7e-85f4-ef9915d93bd3	3	{u}	{CORRECT}	2020-06-30 07:41:11.50631
798	76aaa9f3-f4d6-5f7e-85f4-ef9915d93bd3	4	{e,e,e}	{CORRECT,CORRECT,CORRECT}	2020-06-30 07:41:11.50631
799	76aaa9f3-f4d6-5f7e-85f4-ef9915d93bd3	1	{a}	{CORRECT}	2020-06-30 07:41:11.741833
800	76aaa9f3-f4d6-5f7e-85f4-ef9915d93bd3	5	{o}	{CORRECT}	2020-06-30 07:41:11.741833
801	76aaa9f3-f4d6-5f7e-85f4-ef9915d93bd3	2	{i,i}	{CORRECT,CORRECT}	2020-06-30 07:41:11.741833
802	76aaa9f3-f4d6-5f7e-85f4-ef9915d93bd3	3	{u}	{CORRECT}	2020-06-30 07:41:11.741833
803	76aaa9f3-f4d6-5f7e-85f4-ef9915d93bd3	4	{e,e,e}	{CORRECT,CORRECT,CORRECT}	2020-06-30 07:41:11.741833
804	76aaa9f3-f4d6-5f7e-85f4-ef9915d93bd3	1	{a}	{CORRECT}	2020-06-30 07:41:11.964701
805	76aaa9f3-f4d6-5f7e-85f4-ef9915d93bd3	5	{o}	{CORRECT}	2020-06-30 07:41:11.964701
806	76aaa9f3-f4d6-5f7e-85f4-ef9915d93bd3	2	{i,i}	{CORRECT,CORRECT}	2020-06-30 07:41:11.964701
807	76aaa9f3-f4d6-5f7e-85f4-ef9915d93bd3	3	{u}	{CORRECT}	2020-06-30 07:41:11.964701
808	76aaa9f3-f4d6-5f7e-85f4-ef9915d93bd3	4	{e,e,e}	{CORRECT,CORRECT,CORRECT}	2020-06-30 07:41:11.964701
809	76aaa9f3-f4d6-5f7e-85f4-ef9915d93bd3	1	{a}	{CORRECT}	2020-06-30 07:41:12.206004
810	76aaa9f3-f4d6-5f7e-85f4-ef9915d93bd3	5	{o}	{CORRECT}	2020-06-30 07:41:12.206004
811	76aaa9f3-f4d6-5f7e-85f4-ef9915d93bd3	2	{i,i}	{CORRECT,CORRECT}	2020-06-30 07:41:12.206004
812	76aaa9f3-f4d6-5f7e-85f4-ef9915d93bd3	3	{u}	{CORRECT}	2020-06-30 07:41:12.206004
813	76aaa9f3-f4d6-5f7e-85f4-ef9915d93bd3	4	{e,e,e}	{CORRECT,CORRECT,CORRECT}	2020-06-30 07:41:12.206004
814	76aaa9f3-f4d6-5f7e-85f4-ef9915d93bd3	1	{a}	{CORRECT}	2020-06-30 07:41:12.875973
815	76aaa9f3-f4d6-5f7e-85f4-ef9915d93bd3	5	{o}	{CORRECT}	2020-06-30 07:41:12.875973
816	76aaa9f3-f4d6-5f7e-85f4-ef9915d93bd3	2	{i,i}	{CORRECT,CORRECT}	2020-06-30 07:41:12.875973
817	76aaa9f3-f4d6-5f7e-85f4-ef9915d93bd3	3	{u}	{CORRECT}	2020-06-30 07:41:12.875973
818	76aaa9f3-f4d6-5f7e-85f4-ef9915d93bd3	4	{e,e,e}	{CORRECT,CORRECT,CORRECT}	2020-06-30 07:41:12.875973
819	76aaa9f3-f4d6-5f7e-85f4-ef9915d93bd3	1	{k}	{INCORRECT}	2020-06-30 07:49:08.256036
820	76aaa9f3-f4d6-5f7e-85f4-ef9915d93bd3	4	{e}	{CORRECT}	2020-06-30 07:49:08.256036
821	76aaa9f3-f4d6-5f7e-85f4-ef9915d93bd3	7	{ki}	{CORRECT}	2020-06-30 07:49:08.256036
822	76aaa9f3-f4d6-5f7e-85f4-ef9915d93bd3	10	{ko}	{CORRECT}	2020-06-30 07:49:08.256036
823	76aaa9f3-f4d6-5f7e-85f4-ef9915d93bd3	3	{u}	{CORRECT}	2020-06-30 07:49:08.256036
824	76aaa9f3-f4d6-5f7e-85f4-ef9915d93bd3	9	{ke}	{CORRECT}	2020-06-30 07:49:08.256036
825	76aaa9f3-f4d6-5f7e-85f4-ef9915d93bd3	2	{i}	{CORRECT}	2020-06-30 07:49:08.256036
826	76aaa9f3-f4d6-5f7e-85f4-ef9915d93bd3	6	{a,ka}	{INCORRECT,CORRECT}	2020-06-30 07:49:08.256036
827	76aaa9f3-f4d6-5f7e-85f4-ef9915d93bd3	8	{ku,ku}	{CORRECT,CORRECT}	2020-06-30 07:49:08.256036
828	76aaa9f3-f4d6-5f7e-85f4-ef9915d93bd3	17	{gi}	{CORRECT}	2020-06-30 08:01:09.517248
829	76aaa9f3-f4d6-5f7e-85f4-ef9915d93bd3	20	{go}	{CORRECT}	2020-06-30 08:01:09.517248
830	76aaa9f3-f4d6-5f7e-85f4-ef9915d93bd3	19	{ge}	{CORRECT}	2020-06-30 08:01:09.517248
831	76aaa9f3-f4d6-5f7e-85f4-ef9915d93bd3	6	{ka,ka,ka}	{CORRECT,CORRECT,CORRECT}	2020-06-30 08:01:09.517248
832	76aaa9f3-f4d6-5f7e-85f4-ef9915d93bd3	18	{gu}	{CORRECT}	2020-06-30 08:01:09.517248
833	76aaa9f3-f4d6-5f7e-85f4-ef9915d93bd3	4	{e,e}	{CORRECT,CORRECT}	2020-06-30 08:01:09.517248
834	76aaa9f3-f4d6-5f7e-85f4-ef9915d93bd3	2	{i,i}	{CORRECT,CORRECT}	2020-06-30 08:01:09.517248
835	76aaa9f3-f4d6-5f7e-85f4-ef9915d93bd3	16	{ga}	{CORRECT}	2020-06-30 08:01:09.517248
836	267c8d8e-5ba7-5765-beff-fd7bd66052d6	44	{he,he,he}	{CORRECT,CORRECT,CORRECT}	2020-07-04 04:29:06.302009
837	267c8d8e-5ba7-5765-beff-fd7bd66052d6	61	{ya,ya,ya}	{CORRECT,CORRECT,CORRECT}	2020-07-04 04:29:06.302009
838	267c8d8e-5ba7-5765-beff-fd7bd66052d6	62	{yu,yu,yu}	{CORRECT,CORRECT,CORRECT}	2020-07-04 04:29:06.302009
839	267c8d8e-5ba7-5765-beff-fd7bd66052d6	3	{u,u,u}	{CORRECT,CORRECT,CORRECT}	2020-07-04 04:29:06.302009
840	267c8d8e-5ba7-5765-beff-fd7bd66052d6	59	{me,me,me}	{CORRECT,CORRECT,CORRECT}	2020-07-04 04:29:06.302009
841	267c8d8e-5ba7-5765-beff-fd7bd66052d6	28	{tsu,tsu}	{CORRECT,CORRECT}	2020-07-04 04:29:06.302009
842	267c8d8e-5ba7-5765-beff-fd7bd66052d6	63	{yo,yo}	{CORRECT,CORRECT}	2020-07-04 04:29:06.302009
843	267c8d8e-5ba7-5765-beff-fd7bd66052d6	2	{i,i,i,i,i}	{CORRECT,CORRECT,CORRECT,CORRECT,CORRECT}	2020-07-04 04:29:06.302009
844	76aaa9f3-f4d6-5f7e-85f4-ef9915d93bd3	5	{o,o,o}	{CORRECT,CORRECT,CORRECT}	2020-07-04 06:05:53.998278
845	76aaa9f3-f4d6-5f7e-85f4-ef9915d93bd3	15	{so,so,so}	{CORRECT,CORRECT,CORRECT}	2020-07-04 06:05:53.998278
846	76aaa9f3-f4d6-5f7e-85f4-ef9915d93bd3	11	{sa,sa,sa}	{CORRECT,CORRECT,CORRECT}	2020-07-04 06:05:53.998278
847	76aaa9f3-f4d6-5f7e-85f4-ef9915d93bd3	9	{ke,ke,ke}	{CORRECT,CORRECT,CORRECT}	2020-07-04 06:05:53.998278
848	76aaa9f3-f4d6-5f7e-85f4-ef9915d93bd3	12	{shi,shi,shi}	{CORRECT,CORRECT,CORRECT}	2020-07-04 06:05:53.998278
849	76aaa9f3-f4d6-5f7e-85f4-ef9915d93bd3	13	{su,su,su,su,su}	{CORRECT,CORRECT,CORRECT,CORRECT,CORRECT}	2020-07-04 06:05:53.998278
850	76aaa9f3-f4d6-5f7e-85f4-ef9915d93bd3	20	{go,go}	{CORRECT,CORRECT}	2020-07-04 06:05:53.998278
851	76aaa9f3-f4d6-5f7e-85f4-ef9915d93bd3	16	{ga,ga,ga}	{CORRECT,CORRECT,CORRECT}	2020-07-04 06:05:53.998278
852	76aaa9f3-f4d6-5f7e-85f4-ef9915d93bd3	8	{ku,ku,ku}	{CORRECT,CORRECT,CORRECT}	2020-07-04 06:05:53.998278
853	76aaa9f3-f4d6-5f7e-85f4-ef9915d93bd3	14	{se,se,se}	{CORRECT,CORRECT,CORRECT}	2020-07-04 06:05:53.998278
854	76aaa9f3-f4d6-5f7e-85f4-ef9915d93bd3	2	{i,i,i,i,i,i,i,i}	{CORRECT,CORRECT,CORRECT,CORRECT,CORRECT,CORRECT,CORRECT,CORRECT}	2020-07-04 06:05:53.998278
855	76aaa9f3-f4d6-5f7e-85f4-ef9915d93bd3	24	{ze,ze,ze}	{CORRECT,CORRECT,CORRECT}	2020-07-04 06:17:01.311174
856	76aaa9f3-f4d6-5f7e-85f4-ef9915d93bd3	25	{zo,zo,zo}	{CORRECT,CORRECT,CORRECT}	2020-07-04 06:17:01.311174
857	76aaa9f3-f4d6-5f7e-85f4-ef9915d93bd3	3	{u,u,u}	{CORRECT,CORRECT,CORRECT}	2020-07-04 06:17:01.311174
858	76aaa9f3-f4d6-5f7e-85f4-ef9915d93bd3	21	{za,za,za}	{CORRECT,CORRECT,CORRECT}	2020-07-04 06:17:01.311174
859	76aaa9f3-f4d6-5f7e-85f4-ef9915d93bd3	105	{s,s,s}	{INCORRECT,INCORRECT,INCORRECT}	2020-07-04 06:17:01.311174
860	76aaa9f3-f4d6-5f7e-85f4-ef9915d93bd3	22	{ji,ji}	{CORRECT,CORRECT}	2020-07-04 06:17:01.311174
861	76aaa9f3-f4d6-5f7e-85f4-ef9915d93bd3	12	{shi,shi,shi,shi,shi,shi}	{CORRECT,CORRECT,CORRECT,CORRECT,CORRECT,CORRECT}	2020-07-04 06:17:01.311174
862	76aaa9f3-f4d6-5f7e-85f4-ef9915d93bd3	23	{zu,zu,zu}	{CORRECT,CORRECT,CORRECT}	2020-07-04 06:17:01.311174
863	76aaa9f3-f4d6-5f7e-85f4-ef9915d93bd3	1	{a,a,a,a}	{CORRECT,CORRECT,CORRECT,CORRECT}	2020-07-04 06:17:01.311174
864	76aaa9f3-f4d6-5f7e-85f4-ef9915d93bd3	6	{ka,ka,ka,ka,ka,ka,ka,ka}	{CORRECT,CORRECT,CORRECT,CORRECT,CORRECT,CORRECT,CORRECT,CORRECT}	2020-07-04 06:17:01.311174
865	76aaa9f3-f4d6-5f7e-85f4-ef9915d93bd3	26	{ta,ta,ta}	{CORRECT,CORRECT,CORRECT}	2020-07-04 06:41:21.230646
866	76aaa9f3-f4d6-5f7e-85f4-ef9915d93bd3	6	{ka,ka,ka}	{CORRECT,CORRECT,CORRECT}	2020-07-04 06:41:21.230646
867	76aaa9f3-f4d6-5f7e-85f4-ef9915d93bd3	27	{chi,chi,chi}	{CORRECT,CORRECT,CORRECT}	2020-07-04 06:41:21.230646
868	76aaa9f3-f4d6-5f7e-85f4-ef9915d93bd3	11	{sa,sa,sa}	{CORRECT,CORRECT,CORRECT}	2020-07-04 06:41:21.230646
869	76aaa9f3-f4d6-5f7e-85f4-ef9915d93bd3	2	{i,i,i,i,i,i}	{CORRECT,CORRECT,CORRECT,CORRECT,CORRECT,CORRECT}	2020-07-04 06:41:21.230646
870	76aaa9f3-f4d6-5f7e-85f4-ef9915d93bd3	28	{tsu,tsu,tsu}	{CORRECT,CORRECT,CORRECT}	2020-07-04 06:41:21.230646
871	76aaa9f3-f4d6-5f7e-85f4-ef9915d93bd3	17	{gi,gi,gi}	{CORRECT,CORRECT,CORRECT}	2020-07-04 06:41:21.230646
872	76aaa9f3-f4d6-5f7e-85f4-ef9915d93bd3	30	{to,to,to}	{CORRECT,CORRECT,CORRECT}	2020-07-04 06:41:21.230646
873	76aaa9f3-f4d6-5f7e-85f4-ef9915d93bd3	12	{shi,shi,shi}	{CORRECT,CORRECT,CORRECT}	2020-07-04 06:41:21.230646
874	76aaa9f3-f4d6-5f7e-85f4-ef9915d93bd3	29	{te,te,te}	{CORRECT,CORRECT,CORRECT}	2020-07-04 06:41:21.230646
875	76aaa9f3-f4d6-5f7e-85f4-ef9915d93bd3	31	{da,da,da}	{CORRECT,CORRECT,CORRECT}	2020-07-04 07:10:27.894555
876	76aaa9f3-f4d6-5f7e-85f4-ef9915d93bd3	2	{i,i,i}	{CORRECT,CORRECT,CORRECT}	2020-07-04 07:10:27.894555
877	76aaa9f3-f4d6-5f7e-85f4-ef9915d93bd3	16	{ga,ga,ga}	{CORRECT,CORRECT,CORRECT}	2020-07-04 07:10:27.894555
878	76aaa9f3-f4d6-5f7e-85f4-ef9915d93bd3	8	{ku,ku,ku}	{CORRECT,CORRECT,CORRECT}	2020-07-04 07:10:27.894555
879	76aaa9f3-f4d6-5f7e-85f4-ef9915d93bd3	34	{de,de,de}	{CORRECT,CORRECT,CORRECT}	2020-07-04 07:10:27.894555
880	76aaa9f3-f4d6-5f7e-85f4-ef9915d93bd3	13	{su,su,su}	{CORRECT,CORRECT,CORRECT}	2020-07-04 07:10:27.894555
881	76aaa9f3-f4d6-5f7e-85f4-ef9915d93bd3	35	{do,do}	{CORRECT,CORRECT}	2020-07-04 07:10:27.894555
882	76aaa9f3-f4d6-5f7e-85f4-ef9915d93bd3	3	{u,u}	{CORRECT,CORRECT}	2020-07-04 07:10:27.894555
883	76aaa9f3-f4d6-5f7e-85f4-ef9915d93bd3	12	{shi,shi}	{CORRECT,CORRECT}	2020-07-04 07:10:27.894555
884	76aaa9f3-f4d6-5f7e-85f4-ef9915d93bd3	29	{te,te}	{CORRECT,CORRECT}	2020-07-04 07:10:27.894555
885	76aaa9f3-f4d6-5f7e-85f4-ef9915d93bd3	1	{a,a}	{CORRECT,CORRECT}	2020-07-04 07:10:27.894555
886	76aaa9f3-f4d6-5f7e-85f4-ef9915d93bd3	6	{ka,ka}	{CORRECT,CORRECT}	2020-07-04 07:10:27.894555
887	76aaa9f3-f4d6-5f7e-85f4-ef9915d93bd3	2	{i,i,i}	{CORRECT,CORRECT,CORRECT}	2020-07-04 07:29:05.669917
888	76aaa9f3-f4d6-5f7e-85f4-ef9915d93bd3	38	{nu,nu,nu}	{CORRECT,CORRECT,CORRECT}	2020-07-04 07:29:05.669917
889	76aaa9f3-f4d6-5f7e-85f4-ef9915d93bd3	39	{ne,ne,ne}	{CORRECT,CORRECT,CORRECT}	2020-07-04 07:29:05.669917
890	76aaa9f3-f4d6-5f7e-85f4-ef9915d93bd3	10	{ko,ko,ko}	{CORRECT,CORRECT,CORRECT}	2020-07-04 07:29:05.669917
891	76aaa9f3-f4d6-5f7e-85f4-ef9915d93bd3	7	{ki,ki,ki}	{CORRECT,CORRECT,CORRECT}	2020-07-04 07:29:05.669917
892	76aaa9f3-f4d6-5f7e-85f4-ef9915d93bd3	40	{no,no,no}	{CORRECT,CORRECT,CORRECT}	2020-07-04 07:29:05.669917
893	76aaa9f3-f4d6-5f7e-85f4-ef9915d93bd3	3	{u,u,u}	{CORRECT,CORRECT,CORRECT}	2020-07-04 07:29:05.669917
894	76aaa9f3-f4d6-5f7e-85f4-ef9915d93bd3	36	{na,na}	{CORRECT,CORRECT}	2020-07-04 07:29:05.669917
895	76aaa9f3-f4d6-5f7e-85f4-ef9915d93bd3	37	{ni,ni}	{CORRECT,CORRECT}	2020-07-04 07:29:05.669917
896	76aaa9f3-f4d6-5f7e-85f4-ef9915d93bd3	1	{a,a}	{CORRECT,CORRECT}	2020-07-04 07:29:05.669917
897	76aaa9f3-f4d6-5f7e-85f4-ef9915d93bd3	6	{ka,ka}	{CORRECT,CORRECT}	2020-07-04 07:29:05.669917
898	e758a541-973b-5922-8090-339365f29818	1	{a,a,a}	{CORRECT,CORRECT,CORRECT}	2020-07-20 14:59:24.078711
899	e758a541-973b-5922-8090-339365f29818	5	{o,o,o}	{CORRECT,CORRECT,CORRECT}	2020-07-20 14:59:24.078711
900	e758a541-973b-5922-8090-339365f29818	3	{u,u}	{CORRECT,CORRECT}	2020-07-20 14:59:24.078711
901	e758a541-973b-5922-8090-339365f29818	2	{i,i,i,i,i,i}	{CORRECT,CORRECT,CORRECT,CORRECT,CORRECT,CORRECT}	2020-07-20 14:59:24.078711
902	e758a541-973b-5922-8090-339365f29818	4	{e,e,e,e,e,e,e,e}	{CORRECT,CORRECT,CORRECT,CORRECT,CORRECT,CORRECT,CORRECT,CORRECT}	2020-07-20 14:59:24.078711
903	0a893a59-2311-5c65-a908-c41a9b43aea7	1	{a,a,a}	{CORRECT,CORRECT,CORRECT}	2020-07-27 04:28:46.714071
904	0a893a59-2311-5c65-a908-c41a9b43aea7	5	{o,o,o}	{CORRECT,CORRECT,CORRECT}	2020-07-27 04:28:46.714071
905	0a893a59-2311-5c65-a908-c41a9b43aea7	2	{i,i,i,i,e,i}	{CORRECT,CORRECT,CORRECT,CORRECT,INCORRECT,CORRECT}	2020-07-27 04:28:46.714071
906	0a893a59-2311-5c65-a908-c41a9b43aea7	3	{u,u,u}	{CORRECT,CORRECT,CORRECT}	2020-07-27 04:28:46.714071
907	0a893a59-2311-5c65-a908-c41a9b43aea7	4	{e,e,e,e,e,e,e,e,e}	{CORRECT,CORRECT,CORRECT,CORRECT,CORRECT,CORRECT,CORRECT,CORRECT,CORRECT}	2020-07-27 04:28:46.714071
908	0a893a59-2311-5c65-a908-c41a9b43aea7	1	{a,a,a}	{CORRECT,CORRECT,CORRECT}	2020-07-27 04:50:59.866888
909	0a893a59-2311-5c65-a908-c41a9b43aea7	4	{e,e,e,e,e}	{CORRECT,CORRECT,CORRECT,CORRECT,CORRECT}	2020-07-27 04:50:59.866888
910	0a893a59-2311-5c65-a908-c41a9b43aea7	7	{ki,ki,ki}	{CORRECT,CORRECT,CORRECT}	2020-07-27 04:50:59.866888
911	0a893a59-2311-5c65-a908-c41a9b43aea7	10	{ko,ku,ko,ko}	{CORRECT,INCORRECT,CORRECT,CORRECT}	2020-07-27 04:50:59.866888
912	0a893a59-2311-5c65-a908-c41a9b43aea7	3	{u,u,u,u}	{CORRECT,CORRECT,CORRECT,CORRECT}	2020-07-27 04:50:59.866888
913	0a893a59-2311-5c65-a908-c41a9b43aea7	9	{ke,ke,ke,ke}	{CORRECT,CORRECT,CORRECT,CORRECT}	2020-07-27 04:50:59.866888
914	0a893a59-2311-5c65-a908-c41a9b43aea7	2	{i,i,i,i,i,i}	{CORRECT,CORRECT,CORRECT,CORRECT,CORRECT,CORRECT}	2020-07-27 04:50:59.866888
915	0a893a59-2311-5c65-a908-c41a9b43aea7	6	{ka,ka,ka,ka,ke,ka,ka}	{CORRECT,CORRECT,CORRECT,CORRECT,INCORRECT,CORRECT,CORRECT}	2020-07-27 04:50:59.866888
916	0a893a59-2311-5c65-a908-c41a9b43aea7	8	{ku,ku,ku,ka,ku,ko,ku,ku}	{CORRECT,CORRECT,CORRECT,INCORRECT,CORRECT,INCORRECT,CORRECT,CORRECT}	2020-07-27 04:50:59.866888
917	4b8685eb-af41-538e-81a8-7127823df22b	1	{a,a,a}	{CORRECT,CORRECT,CORRECT}	2020-08-01 23:44:28.96574
918	4b8685eb-af41-538e-81a8-7127823df22b	5	{o,o,o}	{CORRECT,CORRECT,CORRECT}	2020-08-01 23:44:28.96574
919	4b8685eb-af41-538e-81a8-7127823df22b	3	{u,u,u}	{CORRECT,CORRECT,CORRECT}	2020-08-01 23:44:28.96574
920	4b8685eb-af41-538e-81a8-7127823df22b	2	{i,i,i,u,i,u,i,i}	{CORRECT,CORRECT,CORRECT,INCORRECT,CORRECT,INCORRECT,CORRECT,CORRECT}	2020-08-01 23:44:28.96574
921	4b8685eb-af41-538e-81a8-7127823df22b	4	{e,e,e,o,e,e,o,e,e,e,e}	{CORRECT,CORRECT,CORRECT,INCORRECT,CORRECT,CORRECT,INCORRECT,CORRECT,CORRECT,CORRECT,CORRECT}	2020-08-01 23:44:28.96574
922	4b8685eb-af41-538e-81a8-7127823df22b	1	{a,a,a}	{CORRECT,CORRECT,CORRECT}	2020-08-01 23:52:57.039994
923	4b8685eb-af41-538e-81a8-7127823df22b	4	{e,e,e,e,e,e,e}	{CORRECT,CORRECT,CORRECT,CORRECT,CORRECT,CORRECT,CORRECT}	2020-08-01 23:52:57.039994
924	4b8685eb-af41-538e-81a8-7127823df22b	7	{ki,ki,ki}	{CORRECT,CORRECT,CORRECT}	2020-08-01 23:52:57.039994
925	4b8685eb-af41-538e-81a8-7127823df22b	9	{ke,ke}	{CORRECT,CORRECT}	2020-08-01 23:52:57.039994
926	4b8685eb-af41-538e-81a8-7127823df22b	2	{i,i,i,i}	{CORRECT,CORRECT,CORRECT,CORRECT}	2020-08-01 23:52:57.039994
927	4b8685eb-af41-538e-81a8-7127823df22b	6	{ka,ka,ka,ka,ka}	{CORRECT,CORRECT,CORRECT,CORRECT,CORRECT}	2020-08-01 23:52:57.039994
928	4b8685eb-af41-538e-81a8-7127823df22b	8	{ku,ku,ku,ku,ku}	{CORRECT,CORRECT,CORRECT,CORRECT,CORRECT}	2020-08-01 23:52:57.039994
929	4b8685eb-af41-538e-81a8-7127823df22b	10	{ko,ko,ko}	{CORRECT,CORRECT,CORRECT}	2020-08-01 23:52:57.039994
930	4b8685eb-af41-538e-81a8-7127823df22b	3	{u,u,u,u,u}	{CORRECT,CORRECT,CORRECT,CORRECT,CORRECT}	2020-08-01 23:52:57.039994
931	4b8685eb-af41-538e-81a8-7127823df22b	17	{gi,gi,gi}	{CORRECT,CORRECT,CORRECT}	2020-08-02 00:06:05.494903
932	4b8685eb-af41-538e-81a8-7127823df22b	20	{go,go,go}	{CORRECT,CORRECT,CORRECT}	2020-08-02 00:06:05.494903
933	4b8685eb-af41-538e-81a8-7127823df22b	16	{ga}	{CORRECT}	2020-08-02 00:06:05.494903
934	4b8685eb-af41-538e-81a8-7127823df22b	19	{ge,ge,ge}	{CORRECT,CORRECT,CORRECT}	2020-08-02 00:06:05.494903
935	4b8685eb-af41-538e-81a8-7127823df22b	2	{i,i,i,i,i,i}	{CORRECT,CORRECT,CORRECT,CORRECT,CORRECT,CORRECT}	2020-08-02 00:06:05.494903
936	4b8685eb-af41-538e-81a8-7127823df22b	6	{ka,ka,ka,ka,ka,ka,ka,ka,ka}	{CORRECT,CORRECT,CORRECT,CORRECT,CORRECT,CORRECT,CORRECT,CORRECT,CORRECT}	2020-08-02 00:06:05.494903
937	4b8685eb-af41-538e-81a8-7127823df22b	18	{gu,gu,gu}	{CORRECT,CORRECT,CORRECT}	2020-08-02 00:06:05.494903
938	4b8685eb-af41-538e-81a8-7127823df22b	3	{u,u}	{CORRECT,CORRECT}	2020-08-02 00:06:05.494903
939	4b8685eb-af41-538e-81a8-7127823df22b	4	{e,e,e,e,e,e,e,e}	{CORRECT,CORRECT,CORRECT,CORRECT,CORRECT,CORRECT,CORRECT,CORRECT}	2020-08-02 00:06:05.494903
940	4b8685eb-af41-538e-81a8-7127823df22b	11	{sa,sa,sa}	{CORRECT,CORRECT,CORRECT}	2020-08-03 09:42:59.252683
941	4b8685eb-af41-538e-81a8-7127823df22b	9	{ke,ke,ke}	{CORRECT,CORRECT,CORRECT}	2020-08-03 09:42:59.252683
942	4b8685eb-af41-538e-81a8-7127823df22b	5	{o,o,a,o}	{CORRECT,CORRECT,INCORRECT,CORRECT}	2020-08-03 09:42:59.252683
943	4b8685eb-af41-538e-81a8-7127823df22b	15	{so,so,so,so}	{CORRECT,CORRECT,CORRECT,CORRECT}	2020-08-03 09:42:59.252683
944	4b8685eb-af41-538e-81a8-7127823df22b	12	{shi,shi,shi}	{CORRECT,CORRECT,CORRECT}	2020-08-03 09:42:59.252683
945	4b8685eb-af41-538e-81a8-7127823df22b	16	{ga,ga,ga}	{CORRECT,CORRECT,CORRECT}	2020-08-03 09:42:59.252683
946	4b8685eb-af41-538e-81a8-7127823df22b	8	{ku,ku,ku}	{CORRECT,CORRECT,CORRECT}	2020-08-03 09:42:59.252683
947	4b8685eb-af41-538e-81a8-7127823df22b	14	{se,se,se}	{CORRECT,CORRECT,CORRECT}	2020-08-03 09:42:59.252683
948	4b8685eb-af41-538e-81a8-7127823df22b	13	{su,su,su,su,su,su}	{CORRECT,CORRECT,CORRECT,CORRECT,CORRECT,CORRECT}	2020-08-03 09:42:59.252683
949	4b8685eb-af41-538e-81a8-7127823df22b	20	{go,go,go}	{CORRECT,CORRECT,CORRECT}	2020-08-03 09:42:59.252683
950	4b8685eb-af41-538e-81a8-7127823df22b	2	{i,i,i,i,i,i,i,i,i,i}	{CORRECT,CORRECT,CORRECT,CORRECT,CORRECT,CORRECT,CORRECT,CORRECT,CORRECT,CORRECT}	2020-08-03 09:42:59.252683
951	4b8685eb-af41-538e-81a8-7127823df22b	3	{su,u,u}	{INCORRECT,CORRECT,CORRECT}	2020-08-03 09:42:59.252683
952	4b8685eb-af41-538e-81a8-7127823df22b	4	{u,e,e}	{INCORRECT,CORRECT,CORRECT}	2020-08-03 09:42:59.252683
953	4b8685eb-af41-538e-81a8-7127823df22b	5	{o,o}	{CORRECT,CORRECT}	2020-08-03 09:54:39.66663
954	4b8685eb-af41-538e-81a8-7127823df22b	15	{so,so}	{CORRECT,CORRECT}	2020-08-03 09:54:39.66663
955	4b8685eb-af41-538e-81a8-7127823df22b	2	{i,i}	{CORRECT,CORRECT}	2020-08-03 09:54:39.66663
956	4b8685eb-af41-538e-81a8-7127823df22b	24	{ze,ze,ze}	{CORRECT,CORRECT,CORRECT}	2020-08-03 09:54:39.66663
957	4b8685eb-af41-538e-81a8-7127823df22b	25	{zo,zo,zo}	{CORRECT,CORRECT,CORRECT}	2020-08-03 09:54:39.66663
958	4b8685eb-af41-538e-81a8-7127823df22b	23	{zu,zu,zu}	{CORRECT,CORRECT,CORRECT}	2020-08-03 09:54:39.66663
959	4b8685eb-af41-538e-81a8-7127823df22b	6	{ka,ka,ka,ka,ka,ka}	{CORRECT,CORRECT,CORRECT,CORRECT,CORRECT,CORRECT}	2020-08-03 09:54:39.66663
960	4b8685eb-af41-538e-81a8-7127823df22b	3	{u,u,u,u,u}	{CORRECT,CORRECT,CORRECT,CORRECT,CORRECT}	2020-08-03 09:54:39.66663
961	4b8685eb-af41-538e-81a8-7127823df22b	4	{e,e}	{CORRECT,CORRECT}	2020-08-03 09:54:39.66663
962	4b8685eb-af41-538e-81a8-7127823df22b	1	{a,a,a}	{CORRECT,CORRECT,CORRECT}	2020-08-03 09:54:39.66663
963	4b8685eb-af41-538e-81a8-7127823df22b	22	{ji,ji,ji}	{CORRECT,CORRECT,CORRECT}	2020-08-03 09:54:39.66663
964	4b8685eb-af41-538e-81a8-7127823df22b	21	{za,za,za,za}	{CORRECT,CORRECT,CORRECT,CORRECT}	2020-08-03 09:54:39.66663
965	4b8685eb-af41-538e-81a8-7127823df22b	105	{u,s,s,s}	{INCORRECT,INCORRECT,INCORRECT,INCORRECT}	2020-08-03 09:54:39.66663
966	4b8685eb-af41-538e-81a8-7127823df22b	12	{shi,shi,shi,shi,shi,shi,shi}	{CORRECT,CORRECT,CORRECT,CORRECT,CORRECT,CORRECT,CORRECT}	2020-08-03 09:54:39.66663
967	0a893a59-2311-5c65-a908-c41a9b43aea7	2	{o,i,ia,a,a,i,i,i,i,i}	{INCORRECT,CORRECT,INCORRECT,INCORRECT,INCORRECT,CORRECT,CORRECT,CORRECT,CORRECT,CORRECT}	2020-08-03 10:38:11.911838
968	0a893a59-2311-5c65-a908-c41a9b43aea7	4	{e,e,a,e,e,e,e,e,e,e,e,e,e}	{CORRECT,CORRECT,INCORRECT,CORRECT,CORRECT,CORRECT,CORRECT,CORRECT,CORRECT,CORRECT,CORRECT,CORRECT,CORRECT}	2020-08-03 10:38:11.911838
969	0a893a59-2311-5c65-a908-c41a9b43aea7	1	{a,a,a,a,a,a}	{CORRECT,CORRECT,CORRECT,CORRECT,CORRECT,CORRECT}	2020-08-03 10:38:11.911838
970	0a893a59-2311-5c65-a908-c41a9b43aea7	5	{e,o,e,ka,o,o}	{INCORRECT,CORRECT,INCORRECT,INCORRECT,CORRECT,CORRECT}	2020-08-03 10:38:11.911838
971	0a893a59-2311-5c65-a908-c41a9b43aea7	3	{u,u,u}	{CORRECT,CORRECT,CORRECT}	2020-08-03 10:38:11.911838
972	267c8d8e-5ba7-5765-beff-fd7bd66052d6	12	{n,n,shu,n,shu,shu}	{INCORRECT,INCORRECT,INCORRECT,INCORRECT,INCORRECT,INCORRECT}	2020-08-13 09:57:56.798938
973	267c8d8e-5ba7-5765-beff-fd7bd66052d6	78	{shi,shi,shi}	{INCORRECT,INCORRECT,INCORRECT}	2020-08-13 09:57:56.798938
974	267c8d8e-5ba7-5765-beff-fd7bd66052d6	71	{NULL,NULL,NULL}	{INCORRECT,INCORRECT,INCORRECT}	2020-08-13 09:57:56.798938
975	267c8d8e-5ba7-5765-beff-fd7bd66052d6	7	{kyo,kyo,kyo}	{INCORRECT,INCORRECT,INCORRECT}	2020-08-13 09:57:56.798938
976	267c8d8e-5ba7-5765-beff-fd7bd66052d6	74	{u,u,u}	{INCORRECT,INCORRECT,INCORRECT}	2020-08-13 09:57:56.798938
977	267c8d8e-5ba7-5765-beff-fd7bd66052d6	3	{NULL,NULL,NULL,NULL,NULL,NULL}	{INCORRECT,INCORRECT,INCORRECT,INCORRECT,INCORRECT,INCORRECT}	2020-08-13 09:57:56.798938
978	267c8d8e-5ba7-5765-beff-fd7bd66052d6	79	{u,u,u}	{INCORRECT,INCORRECT,INCORRECT}	2020-08-13 09:57:56.798938
979	267c8d8e-5ba7-5765-beff-fd7bd66052d6	27	{cho}	{INCORRECT}	2020-08-13 09:57:56.798938
980	267c8d8e-5ba7-5765-beff-fd7bd66052d6	86	{t}	{INCORRECT}	2020-08-13 09:57:56.798938
981	267c8d8e-5ba7-5765-beff-fd7bd66052d6	105	{to}	{INCORRECT}	2020-08-13 09:57:56.798938
982	267c8d8e-5ba7-5765-beff-fd7bd66052d6	30	{NULL}	{INCORRECT}	2020-08-13 09:57:56.798938
983	267c8d8e-5ba7-5765-beff-fd7bd66052d6	36	{na,na,na}	{CORRECT,CORRECT,CORRECT}	2020-08-13 09:59:38.420481
984	267c8d8e-5ba7-5765-beff-fd7bd66052d6	66	{ru,ru,ru}	{CORRECT,CORRECT,CORRECT}	2020-08-13 09:59:38.420481
985	267c8d8e-5ba7-5765-beff-fd7bd66052d6	45	{ho,ho,ho}	{CORRECT,CORRECT,CORRECT}	2020-08-13 09:59:38.420481
986	267c8d8e-5ba7-5765-beff-fd7bd66052d6	35	{do,do,do}	{CORRECT,CORRECT,CORRECT}	2020-08-13 09:59:38.420481
987	267c8d8e-5ba7-5765-beff-fd7bd66052d6	61	{ya,ya,ya}	{CORRECT,CORRECT,CORRECT}	2020-08-13 09:59:38.420481
988	267c8d8e-5ba7-5765-beff-fd7bd66052d6	69	{wa,wa,wa}	{CORRECT,CORRECT,CORRECT}	2020-08-13 09:59:38.420481
989	267c8d8e-5ba7-5765-beff-fd7bd66052d6	64	{ra,ra,ra}	{CORRECT,CORRECT,CORRECT}	2020-08-13 09:59:38.420481
990	267c8d8e-5ba7-5765-beff-fd7bd66052d6	6	{ka,ka,ka}	{CORRECT,CORRECT,CORRECT}	2020-08-13 09:59:38.420481
991	267c8d8e-5ba7-5765-beff-fd7bd66052d6	2	{i,i,i,i,i,i}	{CORRECT,CORRECT,CORRECT,CORRECT,CORRECT,CORRECT}	2020-08-13 09:59:38.420481
992	267c8d8e-5ba7-5765-beff-fd7bd66052d6	7	{ki,ki,ki}	{CORRECT,CORRECT,CORRECT}	2020-08-13 09:59:38.420481
993	267c8d8e-5ba7-5765-beff-fd7bd66052d6	67	{re,re,re}	{CORRECT,CORRECT,CORRECT}	2020-08-13 09:59:38.420481
994	267c8d8e-5ba7-5765-beff-fd7bd66052d6	56	{ma,ma,ma}	{CORRECT,CORRECT,CORRECT}	2020-08-13 09:59:38.420481
995	267c8d8e-5ba7-5765-beff-fd7bd66052d6	18	{gu,gu,gu}	{CORRECT,CORRECT,CORRECT}	2020-08-13 09:59:38.420481
996	267c8d8e-5ba7-5765-beff-fd7bd66052d6	68	{ro,ro,ro}	{CORRECT,CORRECT,CORRECT}	2020-08-13 09:59:38.420481
997	267c8d8e-5ba7-5765-beff-fd7bd66052d6	1	{a,a}	{CORRECT,CORRECT}	2020-08-13 09:59:38.420481
998	267c8d8e-5ba7-5765-beff-fd7bd66052d6	65	{ri,ri}	{CORRECT,CORRECT}	2020-08-13 09:59:38.420481
999	267c8d8e-5ba7-5765-beff-fd7bd66052d6	16	{ga,ga}	{CORRECT,CORRECT}	2020-08-13 09:59:38.420481
1000	267c8d8e-5ba7-5765-beff-fd7bd66052d6	30	{to,to}	{CORRECT,CORRECT}	2020-08-13 09:59:38.420481
1001	267c8d8e-5ba7-5765-beff-fd7bd66052d6	3	{u,u}	{CORRECT,CORRECT}	2020-08-13 09:59:38.420481
1028	267c8d8e-5ba7-5765-beff-fd7bd66052d6	51	{pa,pa,pa}	{CORRECT,CORRECT,CORRECT}	2020-08-13 10:11:30.932915
1029	267c8d8e-5ba7-5765-beff-fd7bd66052d6	27	{chi,chi,chi}	{CORRECT,CORRECT,CORRECT}	2020-08-13 10:11:30.932915
1030	267c8d8e-5ba7-5765-beff-fd7bd66052d6	71	{n,n,n,n,n,n,n,n,n,n,n,n}	{CORRECT,CORRECT,CORRECT,CORRECT,CORRECT,CORRECT,CORRECT,CORRECT,CORRECT,CORRECT,CORRECT,CORRECT}	2020-08-13 10:11:30.932915
1031	267c8d8e-5ba7-5765-beff-fd7bd66052d6	10	{ko,ko,ko}	{CORRECT,CORRECT,CORRECT}	2020-08-13 10:11:30.932915
1032	267c8d8e-5ba7-5765-beff-fd7bd66052d6	4	{e,e,e}	{CORRECT,CORRECT,CORRECT}	2020-08-13 10:11:30.932915
1033	267c8d8e-5ba7-5765-beff-fd7bd66052d6	52	{pi,pi,pi}	{CORRECT,CORRECT,CORRECT}	2020-08-13 10:11:30.932915
1034	267c8d8e-5ba7-5765-beff-fd7bd66052d6	28	{tsu,tsu,tsu}	{CORRECT,CORRECT,CORRECT}	2020-08-13 10:11:30.932915
1035	267c8d8e-5ba7-5765-beff-fd7bd66052d6	7	{ki,ki,ki}	{CORRECT,CORRECT,CORRECT}	2020-08-13 10:11:30.932915
1036	267c8d8e-5ba7-5765-beff-fd7bd66052d6	105	{p,p,p}	{INCORRECT,INCORRECT,INCORRECT}	2020-08-13 10:11:30.932915
1037	267c8d8e-5ba7-5765-beff-fd7bd66052d6	53	{pu,pu,pu}	{CORRECT,CORRECT,CORRECT}	2020-08-13 10:11:30.932915
1038	267c8d8e-5ba7-5765-beff-fd7bd66052d6	54	{pe,pe,pe}	{CORRECT,CORRECT,CORRECT}	2020-08-13 10:11:30.932915
1039	267c8d8e-5ba7-5765-beff-fd7bd66052d6	11	{sa,sa,sa}	{CORRECT,CORRECT,CORRECT}	2020-08-13 10:11:30.932915
1040	267c8d8e-5ba7-5765-beff-fd7bd66052d6	55	{po,po,po}	{CORRECT,CORRECT,CORRECT}	2020-08-13 10:11:30.932915
1067	267c8d8e-5ba7-5765-beff-fd7bd66052d6	51	{pa,pa,pa}	{CORRECT,CORRECT,CORRECT}	2020-08-13 10:46:45.504226
1068	267c8d8e-5ba7-5765-beff-fd7bd66052d6	27	{chi,chi,chi}	{CORRECT,CORRECT,CORRECT}	2020-08-13 10:46:45.504226
1069	267c8d8e-5ba7-5765-beff-fd7bd66052d6	71	{n,n,n,n,n,n,n,n,n,n,n,n}	{CORRECT,CORRECT,CORRECT,CORRECT,CORRECT,CORRECT,CORRECT,CORRECT,CORRECT,CORRECT,CORRECT,CORRECT}	2020-08-13 10:46:45.504226
1070	267c8d8e-5ba7-5765-beff-fd7bd66052d6	10	{ko,ko,ko}	{CORRECT,CORRECT,CORRECT}	2020-08-13 10:46:45.504226
1071	267c8d8e-5ba7-5765-beff-fd7bd66052d6	4	{e,e,e}	{CORRECT,CORRECT,CORRECT}	2020-08-13 10:46:45.504226
1072	267c8d8e-5ba7-5765-beff-fd7bd66052d6	52	{pi,pi,pi}	{CORRECT,CORRECT,CORRECT}	2020-08-13 10:46:45.504226
1073	267c8d8e-5ba7-5765-beff-fd7bd66052d6	28	{tsu,tsu,tsu}	{CORRECT,CORRECT,CORRECT}	2020-08-13 10:46:45.504226
1074	267c8d8e-5ba7-5765-beff-fd7bd66052d6	7	{ki,ki,ki}	{CORRECT,CORRECT,CORRECT}	2020-08-13 10:46:45.504226
1075	267c8d8e-5ba7-5765-beff-fd7bd66052d6	105	{p,p,p}	{INCORRECT,INCORRECT,INCORRECT}	2020-08-13 10:46:45.504226
1076	267c8d8e-5ba7-5765-beff-fd7bd66052d6	53	{pu,pu,pu}	{CORRECT,CORRECT,CORRECT}	2020-08-13 10:46:45.504226
1077	267c8d8e-5ba7-5765-beff-fd7bd66052d6	54	{pe,pe,pe}	{CORRECT,CORRECT,CORRECT}	2020-08-13 10:46:45.504226
1078	267c8d8e-5ba7-5765-beff-fd7bd66052d6	11	{sa,sa,sa}	{CORRECT,CORRECT,CORRECT}	2020-08-13 10:46:45.504226
1079	267c8d8e-5ba7-5765-beff-fd7bd66052d6	55	{po,po,po}	{CORRECT,CORRECT,CORRECT}	2020-08-13 10:46:45.504226
1080	4b8685eb-af41-538e-81a8-7127823df22b	24	{ze,ze,ze}	{CORRECT,CORRECT,CORRECT}	2020-08-18 04:51:47.827199
1081	4b8685eb-af41-538e-81a8-7127823df22b	25	{zo,zo,zo}	{CORRECT,CORRECT,CORRECT}	2020-08-18 04:51:47.827199
1082	4b8685eb-af41-538e-81a8-7127823df22b	3	{u,u,u}	{CORRECT,CORRECT,CORRECT}	2020-08-18 04:51:47.827199
1083	4b8685eb-af41-538e-81a8-7127823df22b	21	{za,za,za,za}	{CORRECT,CORRECT,CORRECT,CORRECT}	2020-08-18 04:51:47.827199
1084	4b8685eb-af41-538e-81a8-7127823df22b	105	{a,s,s,s}	{INCORRECT,INCORRECT,INCORRECT,INCORRECT}	2020-08-18 04:51:47.827199
1085	4b8685eb-af41-538e-81a8-7127823df22b	1	{a,a,a}	{CORRECT,CORRECT,CORRECT}	2020-08-18 04:51:47.827199
1086	4b8685eb-af41-538e-81a8-7127823df22b	22	{ji,ji,ji}	{CORRECT,CORRECT,CORRECT}	2020-08-18 04:51:47.827199
1087	4b8685eb-af41-538e-81a8-7127823df22b	12	{shi,shi,shi,shi,shi,shu,shi,shi}	{CORRECT,CORRECT,CORRECT,CORRECT,CORRECT,INCORRECT,CORRECT,CORRECT}	2020-08-18 04:51:47.827199
1088	4b8685eb-af41-538e-81a8-7127823df22b	23	{zu,zu,zu,zu}	{CORRECT,CORRECT,CORRECT,CORRECT}	2020-08-18 04:51:47.827199
1089	4b8685eb-af41-538e-81a8-7127823df22b	6	{ka,ka,ka,ka,ka,ka,ka}	{CORRECT,CORRECT,CORRECT,CORRECT,CORRECT,CORRECT,CORRECT}	2020-08-18 04:51:47.827199
\.


--
-- Data for Name: characters; Type: TABLE DATA; Schema: public; Owner: hugokawamata
--

COPY public.characters (id, "character", type, readings) FROM stdin;
1		HIRAGANA	\N
2		HIRAGANA	\N
3		HIRAGANA	\N
4		HIRAGANA	\N
5		HIRAGANA	\N
6		HIRAGANA	\N
7		HIRAGANA	\N
8		HIRAGANA	\N
9		HIRAGANA	\N
10		HIRAGANA	\N
11		HIRAGANA	\N
12		HIRAGANA	\N
13		HIRAGANA	\N
14		HIRAGANA	\N
15		HIRAGANA	\N
16		HIRAGANA	\N
17		HIRAGANA	\N
18		HIRAGANA	\N
19		HIRAGANA	\N
20		HIRAGANA	\N
21		HIRAGANA	\N
22		HIRAGANA	\N
23		HIRAGANA	\N
24		HIRAGANA	\N
25		HIRAGANA	\N
26		HIRAGANA	\N
27		HIRAGANA	\N
28		HIRAGANA	\N
29		HIRAGANA	\N
30		HIRAGANA	\N
31		HIRAGANA	\N
32		HIRAGANA	\N
33		HIRAGANA	\N
34		HIRAGANA	\N
35		HIRAGANA	\N
36		HIRAGANA	\N
37		HIRAGANA	\N
38		HIRAGANA	\N
39		HIRAGANA	\N
40		HIRAGANA	\N
41		HIRAGANA	\N
42		HIRAGANA	\N
43		HIRAGANA	\N
44		HIRAGANA	\N
45		HIRAGANA	\N
46		HIRAGANA	\N
47		HIRAGANA	\N
48		HIRAGANA	\N
49		HIRAGANA	\N
50		HIRAGANA	\N
51		HIRAGANA	\N
52		HIRAGANA	\N
53		HIRAGANA	\N
54		HIRAGANA	\N
55		HIRAGANA	\N
56		HIRAGANA	\N
57		HIRAGANA	\N
58		HIRAGANA	\N
59		HIRAGANA	\N
60		HIRAGANA	\N
61		HIRAGANA	\N
62		HIRAGANA	\N
63		HIRAGANA	\N
64		HIRAGANA	\N
65		HIRAGANA	\N
66		HIRAGANA	\N
67		HIRAGANA	\N
68		HIRAGANA	\N
69		HIRAGANA	\N
70		HIRAGANA	\N
71		HIRAGANA	\N
72		HIRAGANA	\N
73		HIRAGANA	\N
74		HIRAGANA	\N
75		HIRAGANA	\N
76		HIRAGANA	\N
77		HIRAGANA	\N
78		HIRAGANA	\N
79		HIRAGANA	\N
80		HIRAGANA	\N
81		HIRAGANA	\N
82		HIRAGANA	\N
83		HIRAGANA	\N
84		HIRAGANA	\N
85		HIRAGANA	\N
86		HIRAGANA	\N
87		HIRAGANA	\N
88		HIRAGANA	\N
89		HIRAGANA	\N
90		HIRAGANA	\N
91		HIRAGANA	\N
92		HIRAGANA	\N
93		HIRAGANA	\N
94		HIRAGANA	\N
95		HIRAGANA	\N
96		HIRAGANA	\N
97		HIRAGANA	\N
98		HIRAGANA	\N
99		HIRAGANA	\N
100		HIRAGANA	\N
101		HIRAGANA	\N
102		HIRAGANA	\N
103		HIRAGANA	\N
104		HIRAGANA	\N
105		HIRAGANA	\N
\.


--
-- Data for Name: courses; Type: TABLE DATA; Schema: public; Owner: hugokawamata
--

COPY public.courses (id, title, unlocks_ids, first_set_lesson_id) FROM stdin;
KATAKANA	Intro to Katakana	\N	KATAKANA_1
GRAMMAR_1	Very Basic Conversation	\N	GMR_WA_DESU
HIRAGANA	Hiragana - The Japanese Alphabet	KATAKANA,GRAMMAR_1	HIRAGANA_A
\.


--
-- Data for Name: lectures; Type: TABLE DATA; Schema: public; Owner: hugokawamata
--

COPY public.lectures (id, text, image, "position", set_lesson_id, title) FROM stdin;
28	This next set is the "ka" set, which all start with K (and, of course, end in A, I, U, E, and O)	https://res.cloudinary.com/holistic-japanese/image/upload/v1587262011/lessons/hiragana-ka/lecture-2.png	PRETEST	HIRAGANA_KA	The Next Set
38	A voiced consonant is a consonant that you need to move your vocal cords to make.	https://res.cloudinary.com/holistic-japanese/image/upload/v1587262011/lessons/hiragana-ga/lecture-1.png	PRETEST	HIRAGANA_GA	What is a "voiced" consonant?
27	Now you know , which are the only Hiragana that don't start with a consonant sound.	https://res.cloudinary.com/holistic-japanese/image/upload/v1587262011/lessons/hiragana-ka/lecture-1.png	PRETEST	HIRAGANA_KA	The Next Set
35	The next set of hiragana is the "sa" set. They all start with an "s" sound.	https://res.cloudinary.com/holistic-japanese/image/upload/v1587262011/lessons/hiragana-sa/lecture-1.png	PRETEST	HIRAGANA_SA	The Sa Set
36	Well... that's not entirely true. Instead of "si", it's "shi".	https://res.cloudinary.com/holistic-japanese/image/upload/v1587262011/lessons/hiragana-sa/lecture-2.png	PRETEST	HIRAGANA_SA	The Sa Set
37	After all, we couldn't have sushi without the "shi" sound!	https://res.cloudinary.com/holistic-japanese/image/upload/v1587262011/lessons/hiragana-sa/lecture-3.png	PRETEST	HIRAGANA_SA	The Sa Set
43	Remember, TenTens can be added to hiragana to make the consonant part "voiced".	https://res.cloudinary.com/holistic-japanese/image/upload/v1587262011/lessons/hiragana-za/lecture-1.png	PRETEST	HIRAGANA_ZA	The Za Set
44	The "sa" set can also have a TenTen attached, which turns an S sound into a Z sound.	https://res.cloudinary.com/holistic-japanese/image/upload/v1587262011/lessons/hiragana-za/lecture-2.png	PRETEST	HIRAGANA_ZA	The Za Set
45	The one exception, of course, is "" (shi). Shi becomes *ji*. Let's get started!	https://res.cloudinary.com/holistic-japanese/image/upload/v1587262011/lessons/hiragana-za/lecture-3.png	PRETEST	HIRAGANA_ZA	The Za Set
46	Sorry, just one more thing. This little character "" doubles consonant sounds.	https://res.cloudinary.com/holistic-japanese/image/upload/v1587262011/lessons/hiragana-za/lecture-4.png	BEFORE_THIRD	HIRAGANA_ZA	The Consonant Doubler
47	It doesn't make any sound on its own, but it extends the consonant sound of the next hiragana.	https://res.cloudinary.com/holistic-japanese/image/upload/v1587262011/lessons/hiragana-za/lecture-5.png	BEFORE_THIRD	HIRAGANA_ZA	The Consonant Doubler
50	The fourth set of hiragana is the "ta" set, which is the trickiest set of all.	https://res.cloudinary.com/holistic-japanese/image/upload/v1587262011/lessons/hiragana-ta/lecture-1.png	PRETEST	HIRAGANA_TA	The Ta Set
51	Instead of "ti" it's "chi", and instead of "tu" it's "tsu"	https://res.cloudinary.com/holistic-japanese/image/upload/v1587262011/lessons/hiragana-ta/lecture-2.png	PRETEST	HIRAGANA_TA	The Ta Set
52	That's right, this character "" is "tsu". When it's small, it doubles consonants, but full sized it's a letter on its own	https://res.cloudinary.com/holistic-japanese/image/upload/v1587262011/lessons/hiragana-ta/lecture-3.png	PRETEST	HIRAGANA_TA	Tsu?
53	Here they are side by side, so you can see the difference: "".	https://res.cloudinary.com/holistic-japanese/image/upload/v1587262011/lessons/hiragana-ta/lecture-4.png	PRETEST	HIRAGANA_TA	Tsu?
54	The "ta" set is the second last set that can have TenTens added, but it's a bit different because of "chi" and "tsu".	https://res.cloudinary.com/holistic-japanese/image/upload/v1587262011/lessons/hiragana-da/lecture-1.png	PRETEST	HIRAGANA_DA	Ta Set + TenTens
55	The T sound in the normal ones ("ta", "te" and "to") becomes a D sound.	https://res.cloudinary.com/holistic-japanese/image/upload/v1587262011/lessons/hiragana-da/lecture-2.png	PRETEST	HIRAGANA_DA	Ta Set + TenTens
56	"chi" and "tsu" technically can have TenTens, but it's quite rare to see them. (They become second versions of "ji" and "zu")	https://res.cloudinary.com/holistic-japanese/image/upload/v1587262011/lessons/hiragana-da/lecture-3.png	PRETEST	HIRAGANA_DA	Ta Set + TenTens
58	There aren't any strange exceptions or new rules in the "na" set! Enjoy the lesson.	https://res.cloudinary.com/holistic-japanese/image/upload/v1587262011/lessons/hiragana-na/lecture-1.png	PRETEST	HIRAGANA_NA	The Na Set
59	"n" is already a voiced consonant, so letters in the "na" line cannot have a TenTen. This bonus round is different.	https://res.cloudinary.com/holistic-japanese/image/upload/v1587262011/lessons/hiragana-n/lecture-1.png	PRETEST	HIRAGANA_N	The Na Set Bonus Round
61	Since it's only one new letter, we'll cover three new, useful words which use it.	https://res.cloudinary.com/holistic-japanese/image/upload/v1587262011/lessons/hiragana-n/lecture-3.png	PRETEST	HIRAGANA_N	The Letter N
39	For example, the K's in 'kick' are unvoiced, and the G's in 'gag' are voiced.	https://res.cloudinary.com/holistic-japanese/image/upload/v1587262011/lessons/hiragana-ga/lecture-2.png	PRETEST	HIRAGANA_GA	What is a "voiced" consonant?
40	Try it yourself! Put your hand on your throat and say 'kick' and 'gag'. You'll feel the G's vibrate.	https://res.cloudinary.com/holistic-japanese/image/upload/v1587262011/lessons/hiragana-ga/lecture-3.png	PRETEST	HIRAGANA_GA	What is a "voiced" consonant?
24	Hiragana each represent syllables, rather than single letters.	https://res.cloudinary.com/holistic-japanese/image/upload/v1587262011/lessons/hiragana-a/lecture-2.png	PRETEST	HIRAGANA_A	What is Hiragana?
25	Because they represent syllables, they are always pronounced exactly the same way, unlike English letters.	https://res.cloudinary.com/holistic-japanese/image/upload/v1587262011/lessons/hiragana-a/lecture-2.png	PRETEST	HIRAGANA_A	What is Hiragana?
26	Hiragana come in sets of 5. In this lesson, we'll learn the first 5 - A, I, U, E, and O.	https://res.cloudinary.com/holistic-japanese/image/upload/v1587262011/lessons/hiragana-a/lecture-4.png	PRETEST	HIRAGANA_A	What is Hiragana?
42	In this lesson, we'll learn words with the "ga" set. That's the "ka" set plus TenTens.	https://res.cloudinary.com/holistic-japanese/image/upload/v1587262011/lessons/hiragana-ga/lecture-5.png	PRETEST	HIRAGANA_GA	The TenTen
66	The sixth hiragana set is the "ha" set. It only has one tricky character.	https://res.cloudinary.com/holistic-japanese/image/upload/v1587262011/lessons/hiragana-ha/lecture-1.png	PRETEST	HIRAGANA_HA	The Ha Set
68	The "ha" set is the last set that can have TenTens attached. When it does, it transforms the sound from "H" to "B".	https://res.cloudinary.com/holistic-japanese/image/upload/v1587262011/lessons/hiragana-ba/lecture-1.png	PRETEST	HIRAGANA_BA	Back to TenTens
69	Even though "" is an exception, it gets changed to "bu", just like the rest of the set.	https://res.cloudinary.com/holistic-japanese/image/upload/v1587262011/lessons/hiragana-ba/lecture-2.png	PRETEST	HIRAGANA_BA	What About Fu?
70	The seventh set of hiragana is the "ma" set. Only 3 more to go!	https://res.cloudinary.com/holistic-japanese/image/upload/v1587262011/lessons/hiragana-ma/lecture-1.png	PRETEST	HIRAGANA_MA	The Ma Set
71	Just like the "" set, it doesn't have any tricky characters. Enjoy!	https://res.cloudinary.com/holistic-japanese/image/upload/v1587262011/lessons/hiragana-ma/lecture-2.png	PRETEST	HIRAGANA_MA	The Ma Set
72	This bonus round is all about the "wa" set, although it's not much of a set.	https://res.cloudinary.com/holistic-japanese/image/upload/v1587262011/lessons/hiragana-wa/lecture-1.png	PRETEST	HIRAGANA_WA	The Wa "Set"
73	There are only "two" characters in the set, and one of them isn't even used in words (it's more like a punctuation mark).	https://res.cloudinary.com/holistic-japanese/image/upload/v1587262011/lessons/hiragana-wa/lecture-2.png	PRETEST	HIRAGANA_WA	The Wa Set
76	We're getting to the end of the hiragana sets, and they do get a bit strange from here on.	https://res.cloudinary.com/holistic-japanese/image/upload/v1587262011/lessons/hiragana-ya/lecture-1.png	PRETEST	HIRAGANA_YA	The Ya Set
77	This set is the "ya" set, but it looks like it's missing two characters.	https://res.cloudinary.com/holistic-japanese/image/upload/v1587262011/lessons/hiragana-ya/lecture-2.png	PRETEST	HIRAGANA_YA	The Ya Set
78	Japanese doesn't actually have the yi and ye sounds. There are only three characters in this set.	https://res.cloudinary.com/holistic-japanese/image/upload/v1587262011/lessons/hiragana-ya/lecture-3.png	PRETEST	HIRAGANA_YA	The Ya Set
79	Just like "", "ya", "yu" and "yo" can also become smaller to do something different.	https://res.cloudinary.com/holistic-japanese/image/upload/v1587262011/lessons/hiragana-lya/lecture-1.png	PRETEST	HIRAGANA_LYA	Little Ya, Yu, and Yo
80	They can go after any hiragana that ends in "i" ("shi", "chi", "hi", "ni", etc.) to modify the sound.	https://res.cloudinary.com/holistic-japanese/image/upload/v1587262011/lessons/hiragana-lya/lecture-2.png	PRETEST	HIRAGANA_LYA	Little Ya, Yu and Yo
81	For example, "ki" + "ya" = "kya". There are lots of combinations, so they're not all listed here.	https://res.cloudinary.com/holistic-japanese/image/upload/v1587262011/lessons/hiragana-lya/lecture-3.png	PRETEST	HIRAGANA_LYA	Little Ya, Yu and Yo
82	Once you get the hang of how they combine, it will feel pretty intuitive!	https://res.cloudinary.com/holistic-japanese/image/upload/v1587262011/lessons/hiragana-lya/lecture-4.png	PRETEST	HIRAGANA_LYA	Little Ya, Yu and Yo
83	This is the final set of hiragana! Well done for making it all the way here.	https://res.cloudinary.com/holistic-japanese/image/upload/v1587262011/lessons/hiragana-ra/lecture-1.png	PRETEST	HIRAGANA_RA	The Ra Set
84	The "ra" set is hard for English speakers to pronounce, in the same way the English "l" and "r" are hard for Japanese people	https://res.cloudinary.com/holistic-japanese/image/upload/v1587262011/lessons/hiragana-ra/lecture-2.png	PRETEST	HIRAGANA_RA	The Ra Set
85	It's definitely worth checking out some videos to practice your pronunciation.	https://res.cloudinary.com/holistic-japanese/image/upload/v1587262011/lessons/hiragana-ra/lecture-3.png	PRETEST	HIRAGANA_RA	The Ra Set
86	Other than that, this set is pretty normal. Just one more bonus lesson after this!	https://res.cloudinary.com/holistic-japanese/image/upload/v1587262011/lessons/hiragana-ra/lecture-4.png	PRETEST	HIRAGANA_RA	The Ra Set
87	The "" set has one last trick up its sleeve, besides the TenTen.	https://res.cloudinary.com/holistic-japanese/image/upload/v1587262011/lessons/hiragana-pa/lecture-1.png	PRETEST	HIRAGANA_PA	Return To The Ha Set
88	The Maru is sort of like the TenTen - it changes how hiragana is pronounced, but it only works with the "" set.	https://res.cloudinary.com/holistic-japanese/image/upload/v1587262011/lessons/hiragana-pa/lecture-2.png	PRETEST	HIRAGANA_PA	The Maru
89	When a hiragana from the "" set has a Maru, its consonant sound changes from "H" to "P".	https://res.cloudinary.com/holistic-japanese/image/upload/v1587262011/lessons/hiragana-pa/lecture-3.png	PRETEST	HIRAGANA_PA	The Maru
23	Hiragana is the Japanese alphabet. You need to be able to read Hiragana if you want to start learning Japanese.	https://res.cloudinary.com/holistic-japanese/image/upload/v1587262011/lessons/hiragana-a/lecture-1.png	PRETEST	HIRAGANA_A	What is Hiragana?
41	Your mouth makes the same movements for G and K. The only difference is the vocal cords. In Japanese, you can turn a hiragana into a voiced hiragana by adding a TenTen.	https://res.cloudinary.com/holistic-japanese/image/upload/v1596433034/lessons/hiragana-ga/lecture-4.png	PRETEST	HIRAGANA_GA	The TenTen
48	It's hard to explain it fully here. All you need to know is that to write it, you write a second consonant.	https://res.cloudinary.com/holistic-japanese/image/upload/v1587262011/lessons/hiragana-ga/lecture-6.png	BEFORE_THIRD	HIRAGANA_ZA	The Consonant Doubler
49	If you'd like to know more, it might be worth checking out some YouTube videos that explain it.	https://res.cloudinary.com/holistic-japanese/image/upload/v1587262011/lessons/hiragana-ga/lecture-7.png	BEFORE_THIRD	HIRAGANA_ZA	The Consonant Doubler
57	For now, you can safely assume that they never get TenTens, so there's only 3 new characters in this lesson!	https://res.cloudinary.com/holistic-japanese/image/upload/v1587262011/lessons/hiragana-da/lecture-4.png	PRETEST	HIRAGANA_DA	Ta Set + TenTens
60	In this lesson, you'll learn a new letter, "" "n". This is a special letter: It's the only Japanese letter that represents a single consonant, by itself.	https://res.cloudinary.com/holistic-japanese/image/upload/v1587262011/lessons/hiragana-n/lecture-2.png	PRETEST	HIRAGANA_N	The Letter N
67	The tricky one is written as "fu", but it's pronounced more like "fhu". It's a combination of the H and F sounds.	https://res.cloudinary.com/holistic-japanese/image/upload/v1587262011/lessons/hiragana-ha/lecture-2.png	PRETEST	HIRAGANA_HA	Fu? Hu? Fhu?
74	There's "wa", which is the real character, and "wo", which is the weird, semi-fake character.	https://res.cloudinary.com/holistic-japanese/image/upload/v1587262011/lessons/hiragana-wa/lecture-3.png	PRETEST	HIRAGANA_WA	The Wa Set
75	It doesn't make much sense now, but once you start learning how to make Japanese sentences, "wo" will become very important!	https://res.cloudinary.com/holistic-japanese/image/upload/v1587262011/lessons/hiragana-wa/lecture-4.png	PRETEST	HIRAGANA_WA	The Wa Set
92	You know "{me_furi}" is 'I' or 'me', and "" is 'is' or 'am'. So what is the ""?	https://res.cloudinary.com/holistic-japanese/image/upload/v1593401161/lessons/grammar_1/gmr_wa_desu/lecture-3.png	PRETEST	GMR_WA_DESU	Your First Sentence Pattern
93	"" is a "particle". Particles are hiragana that get added to the end of a word to tell you what the word's purpose is.	https://res.cloudinary.com/holistic-japanese/image/upload/v1593401161/lessons/grammar_1/gmr_wa_desu/lecture-4.png	PRETEST	GMR_WA_DESU	Particles
94	"" is the particle that marks the topic of the sentence. When you say 'I am something', *you* are the topic, so "" goes after {me_furi}	https://res.cloudinary.com/holistic-japanese/image/upload/v1593401161/lessons/grammar_1/gmr_wa_desu/lecture-4.png	PRETEST	GMR_WA_DESU	Particles
95	Also, "" is pronounced wa, not ha - particles are the only place in Japanese where characters are pronounced differently.	https://res.cloudinary.com/holistic-japanese/image/upload/v1593401161/lessons/grammar_1/gmr_wa_desu/lecture-4.png	PRETEST	GMR_WA_DESU	Particles
90	You already know a few words, but now it's time to learn how to say your first sentence in Japanese: 'I'm X'.	https://res.cloudinary.com/holistic-japanese/image/upload/v1593401161/lessons/grammar_1/gmr_wa_desu/lecture-1.png	PRETEST	GMR_WA_DESU	Your First Sentence Pattern
91	To say 'I am _something_', you say '"{me_furi}" something '. The word for 'I' will be different depending on your gender.	https://res.cloudinary.com/holistic-japanese/image/upload/v1593401161/lessons/grammar_1/gmr_wa_desu/lecture-2.png	PRETEST	GMR_WA_DESU	Your First Sentence Pattern
96	To summarise with an example, '{me_furi} {fname} ' literally translates to 'I {fname} am'. In Japanese, the topic comes first, and the verb always comes last.	https://res.cloudinary.com/holistic-japanese/image/upload/v1593401161/lessons/grammar_1/gmr_wa_desu/lecture-4.png	PRETEST	GMR_WA_DESU	Summary
97	You now know how to describe yourself, and in this lesson you'll learn how to describe anything!	https://res.cloudinary.com/holistic-japanese/image/upload/v1595227615/lessons/grammar_1/gmr_wa_desu_2/lecture-1.png	PRETEST	GMR_WA_DESU_2	Describing Anything
98	Instead of saying "{me_furi} ...", you can add any noun before the , and it will become the topic of the sentence.	https://res.cloudinary.com/holistic-japanese/image/upload/v1595227831/lessons/grammar_1/gmr_wa_desu_2/lecture-2.png	PRETEST	GMR_WA_DESU_2	Describing Anything
99	In this lesson, you'll revise some words you learnt in the hiragana course, and learn some new ones: "", "", and "".	https://res.cloudinary.com/holistic-japanese/image/upload/v1595227357/lessons/grammar_1/gmr_wa_desu_2/lecture-3.png	PRETEST	GMR_WA_DESU_2	Describing Anything
100	These words mean 'this', 'that' and 'that (over there)'. Which one you use depends on where the object is in relation to you.	https://res.cloudinary.com/holistic-japanese/image/upload/v1595227357/lessons/grammar_1/gmr_wa_desu_2/lecture-3.png	PRETEST	GMR_WA_DESU_2	
101	Now you know how to describe anything using the "'X Y'" pattern. In this lesson, you'll learn how to describe multiple things at once.	https://res.cloudinary.com/holistic-japanese/image/upload/v1595227831/lessons/grammar_1/gmr_wa_desu_2/lecture-2.png	PRETEST	GMR_MO_DESU	Multiple Things
102	We have some new "particles"! Remember, particles go at the end of a word and flag what the word's role is in the sentence, like "".	https://res.cloudinary.com/holistic-japanese/image/upload/v1595821956/lessons/grammar_1/gmr_mo_desu/lecture-2.png	PRETEST	GMR_MO_DESU	New Particles
103	The particle "" almost directly translates to "and". (But it can only be used to connect nouns, not adjectives or verbs)	https://res.cloudinary.com/holistic-japanese/image/upload/v1595821707/lessons/grammar_1/gmr_mo_desu/lecture-3.png	PRETEST	GMR_MO_DESU	Particle 
104	For example, '""   ' means 'Sushi "and" obento are delicious'.	https://res.cloudinary.com/holistic-japanese/image/upload/v1595821707/lessons/grammar_1/gmr_mo_desu/lecture-3.png	PRETEST	GMR_MO_DESU	Particle 
105	The particle "" almost directly translates to "also" or "too". It needs context to make sense though.	https://res.cloudinary.com/holistic-japanese/image/upload/v1595822092/lessons/grammar_1/gmr_mo_desu/lecture-5.png	PRETEST	GMR_MO_DESU	Particle 
106	For example, if someone said ' ' (sushi is delicious), you could say ' ' (obento is also delicious).	https://res.cloudinary.com/holistic-japanese/image/upload/v1595822092/lessons/grammar_1/gmr_mo_desu/lecture-5.png	PRETEST	GMR_MO_DESU	Particle 
107	Last time you learnt how to talk about multiple things at once. This lesson will cover how to use past tense.	todo image	PRETEST	GMR_DESHITA	Past Tense
108	The past tense of  (desu) is  (deshita). Notice how the  character only _half_-changed. It became a  (shi), but stayed in the S hiragana set.	todo image	PRETEST	GMR_DESHITA	Half Changing a Character
109	Most past tense words in Japanese end in . So it's pretty easy to tell when something is past tense!	todo image	PRETEST	GMR_DESHITA	An Easy Shortcut
110	That means that  means "was". For a quick example, "' '" would mean "'It was delicious'".	todo image	PRETEST	GMR_DESHITA	Example
111	You can think of Katakana as being similar to capital letters in English. It's the same alphabet, just a different way of writing it.	https://res.cloudinary.com/holistic-japanese/image/upload/v1597309298/lessons/katakana/katakana-1/lecture-1.png	PRETEST	KATAKANA_1	Katakana - Japanese CAPSLOCK
112	Just like capitals, they tend to look less curvy and more angular, and are used to write sound effects like we do with '"BANG!"' and '"SMASH!"'.	https://res.cloudinary.com/holistic-japanese/image/upload/v1597309487/lessons/katakana/katakana-1/lecture-2.png	PRETEST	KATAKANA_1	Katakana - Japanese CAPSLOCK
113	Also like capital letters, sometimes they look very similar to their hiragana version, and sometimes they look completely different.	https://res.cloudinary.com/holistic-japanese/image/upload/v1597309764/lessons/katakana/katakana-1/lecture-3.png	PRETEST	KATAKANA_1	Katakana - Japanese CAPSLOCK
114	In addition to writing sound effects, they're usually used to write loanwords - words that have been taken from English or other languages.	https://res.cloudinary.com/holistic-japanese/image/upload/v1597310487/lessons/katakana/katakana-1/lecture-4.png	PRETEST	KATAKANA_1	Loanwords
115	Japan borrows a lot of words from English, which makes things a bit easier. Words like hot dog (hotto doggu) and apartment (apaato) are very common.	https://res.cloudinary.com/holistic-japanese/image/upload/v1597310487/lessons/katakana/katakana-1/lecture-4.png	PRETEST	KATAKANA_1	Loanwords
116	In this first lesson, you'll learn 4 katakana (ko, hi, se, ru) and 4 commonly used Japanese words that started out as English words.	https://res.cloudinary.com/holistic-japanese/image/upload/v1597310487/lessons/katakana/katakana-1/lecture-4.png	PRETEST	KATAKANA_1	Loanwords
117	As you may have noticed from "" for "building", a lot of loan words get shortened in Japanese.	https://res.cloudinary.com/holistic-japanese/image/upload/v1597623377/lessons/katakana/katakana-2/Issei_playground_79_loc38q.png	PRETEST	KATAKANA_2	Abbreviated Loanwords
118	In this lesson, we'll cover some loanwords that have been shortened.	https://res.cloudinary.com/holistic-japanese/image/upload/v1597623377/lessons/katakana/katakana-2/Issei_playground_79_loc38q.png	PRETEST	KATAKANA_2	Abbreviated Loanwords
119	You already know that katakana can be modified with TenTens and Marus, but actually, all hiragana rules apply as well.	https://res.cloudinary.com/holistic-japanese/image/upload/v1597628296/lessons/katakana/katakana-7/lecture-1.png	PRETEST	KATAKANA_7	Hiragana/Katakana Rules
120	That includes the Consonant Doubler (tsu, , ) and combo hiragana.	https://res.cloudinary.com/holistic-japanese/image/upload/v1597628382/lessons/katakana/katakana-7/lecture-2.png	PRETEST	KATAKANA_7	Hiragana/Katakana Rules
121	In this lesson, you'll learn two katakana that might look a bit familiar: "" (shi) and "" (so).	https://res.cloudinary.com/holistic-japanese/image/upload/v1597629604/lessons/katakana/katakana-9/lecture-1.png	PRETEST	KATAKANA_9	Very Similar Katakana
122	They look very similar to "" (tsu) and "" (n). Here's a little tip to help tell them apart (it's still hard though).	https://res.cloudinary.com/holistic-japanese/image/upload/v1597629568/lessons/katakana/katakana-9/lecture-2.png	PRETEST	KATAKANA_9	Very Similar Katakana
123	"shi" and "n" are the same, just with one extra dash. And "tsu" and "so" are also the same, with one extra dash.	https://res.cloudinary.com/holistic-japanese/image/upload/v1597629709/lessons/katakana/katakana-9/lecture-3.png	PRETEST	KATAKANA_9	Shi & N vs Tsu & So
124	The difference is how they are handwritten: the pen strokes in "tsu" and "so" go downwards, while "shi" and "n" go to the right.	https://res.cloudinary.com/holistic-japanese/image/upload/v1597630090/lessons/katakana/katakana-9/lecture-4.png	PRETEST	KATAKANA_9	Shi & N vs Tsu & So
125	On a computer, the difference is a bit harder to see. If you practise reading enough, you'll be able to tell them apart easily!	https://res.cloudinary.com/holistic-japanese/image/upload/v1597630090/lessons/katakana/katakana-9/lecture-4.png	PRETEST	KATAKANA_9	Shi & N vs Tsu & So
126	Last time you learnt how to use past tense. This lesson you'll learn how to say "'s" in Japanese.	todo image	PRETEST	GMR_NO	Apostrophe S
127	In English, you can express ownership of something by using "'s". E.g. Alice's cat; Tom's hat.	todo image	PRETEST	GMR_NO	Apostrophe S
128	Ownership can also change a word completely: E.g. Me  My; Him  His; Germany  German	todo image	PRETEST	GMR_NO	Special Cases
129	In Japanese, it's much easier! All you do is add the particle "" (no) to the end of the word.	todo image	PRETEST	GMR_NO	Particle 
130	For example, to say "my", you would say "{me}".	todo image	PRETEST	GMR_NO	Particle 
131	In this lesson, you'll learn how to say "something is not something".	todo image	PRETEST	GMR_JANAI	Negation
132	In English, you just add the word "not". But in Japanese, they conjugate the word into a negative form, just like with past tense.	todo image	PRETEST	GMR_JANAI	Negative Conjugation
133	The conjugation for  is easy. It just turns into " ". But there's something called -Adjectives that make it a bit tricky.	todo image	PRETEST	GMR_JANAI	 
134	There are two kinds of adjectives in Japanese:  and . -Adjectives always end in a hiragana , even if the rest of the word is written in kanji.	todo image	PRETEST	GMR_JANAI	Types of Adjectives
135	-Adjectives are kind of like nouns. We'll worry about them in a later lesson.	todo image	PRETEST	GMR_JANAI	Types of Adjectives
136	When you want an -Adjective to be negative, you remove the "" at the end and replace it with "". You don't use .	todo image	PRETEST	GMR_JANAI	-Adjectives
137	So instead of "  " (it's not tall), it's " ".	todo image	PRETEST	GMR_JANAI	-Adjectives
\.


--
-- Data for Name: session; Type: TABLE DATA; Schema: public; Owner: hugokawamata
--

COPY public.session (sid, sess, expire) FROM stdin;
\.


--
-- Data for Name: set_lessons; Type: TABLE DATA; Schema: public; Owner: hugokawamata
--

COPY public.set_lessons (id, title, image, unlocks_ids, course_id, skill_level, time_estimate) FROM stdin;
HIRAGANA_PA	Hiragana Lesson 9 - Bonus Round	https://res.cloudinary.com/holistic-japanese/image/upload/v1587262008/lessons/hiragana-pa/title.png	NEXT_COURSE	HIRAGANA	Beginner	420
HIRAGANA_A	Hiragana Lesson 1	https://res.cloudinary.com/holistic-japanese/image/upload/v1587262008/lessons/hiragana-a/title.png	HIRAGANA_KA	HIRAGANA	Beginner	420
HIRAGANA_KA	Hiragana Lesson 2	https://res.cloudinary.com/holistic-japanese/image/upload/v1587262008/lessons/hiragana-ka/title.png	HIRAGANA_GA	HIRAGANA	Beginner	420
HIRAGANA_GA	Hiragana Lesson 2 - Bonus Round	https://res.cloudinary.com/holistic-japanese/image/upload/v1587262008/lessons/hiragana-ga/title.png	HIRAGANA_SA	HIRAGANA	Beginner	420
HIRAGANA_SA	Hiragana Lesson 3	https://res.cloudinary.com/holistic-japanese/image/upload/v1587262008/lessons/hiragana-sa/title.png	HIRAGANA_ZA	HIRAGANA	Beginner	420
HIRAGANA_ZA	Hiragana Lesson 3 - Bonus Round	https://res.cloudinary.com/holistic-japanese/image/upload/v1587262008/lessons/hiragana-za/title.png	HIRAGANA_TA	HIRAGANA	Beginner	420
HIRAGANA_TA	Hiragana Lesson 4	https://res.cloudinary.com/holistic-japanese/image/upload/v1587262008/lessons/hiragana-ta/title.png	HIRAGANA_DA	HIRAGANA	Beginner	420
HIRAGANA_DA	Hiragana Lesson 4 - Bonus Round	https://res.cloudinary.com/holistic-japanese/image/upload/v1587262008/lessons/hiragana-da/title.png	HIRAGANA_NA	HIRAGANA	Beginner	420
HIRAGANA_NA	Hiragana Lesson 5	https://res.cloudinary.com/holistic-japanese/image/upload/v1587262008/lessons/hiragana-na/title.png	HIRAGANA_N	HIRAGANA	Beginner	420
HIRAGANA_N	Hiragana Lesson 5 - Bonus Round	https://res.cloudinary.com/holistic-japanese/image/upload/v1587262008/lessons/hiragana-n/title.png	HIRAGANA_HA	HIRAGANA	Beginner	420
HIRAGANA_HA	Hiragana Lesson 6	https://res.cloudinary.com/holistic-japanese/image/upload/v1587262008/lessons/hiragana-ha/title.png	HIRAGANA_BA	HIRAGANA	Beginner	420
HIRAGANA_BA	Hiragana Lesson 6 - Bonus Round	https://res.cloudinary.com/holistic-japanese/image/upload/v1587262008/lessons/hiragana-ba/title.png	HIRAGANA_MA	HIRAGANA	Beginner	420
HIRAGANA_MA	Hiragana Lesson 7	https://res.cloudinary.com/holistic-japanese/image/upload/v1587262008/lessons/hiragana-ma/title.png	HIRAGANA_WA	HIRAGANA	Beginner	420
HIRAGANA_WA	Hiragana Lesson 7 - Bonus Round	https://res.cloudinary.com/holistic-japanese/image/upload/v1587262008/lessons/hiragana-wa/title.png	HIRAGANA_YA	HIRAGANA	Beginner	420
HIRAGANA_YA	Hiragana Lesson 8	https://res.cloudinary.com/holistic-japanese/image/upload/v1587262008/lessons/hiragana-ya/title.png	HIRAGANA_LYA	HIRAGANA	Beginner	420
HIRAGANA_LYA	Hiragana Lesson 8 - Bonus Round	https://res.cloudinary.com/holistic-japanese/image/upload/v1587262008/lessons/hiragana-lya/title.png	HIRAGANA_RA	HIRAGANA	Beginner	420
HIRAGANA_RA	Hiragana Lesson 9	https://res.cloudinary.com/holistic-japanese/image/upload/v1587262008/lessons/hiragana-ra/title.png	HIRAGANA_PA	HIRAGANA	Beginner	420
GMR_WA_DESU	Talking about yourself	https://res.cloudinary.com/holistic-japanese/image/upload/v1587262008/lessons/gmr-particle-wa/title.png	GMR_WA_DESU_2	GRAMMAR_1	Beginner	420
GMR_WA_DESU_2	This, that, and the other	https://res.cloudinary.com/holistic-japanese/image/upload/v1587262008/lessons/gmr-particle-wa-2/title.png	GMR_MO_DESU	GRAMMAR_1	Beginner	600
GMR_MO_DESU	And Also	todo: add image link	GMR_DESHITA	GRAMMAR_1	Beginner	600
KATAKANA_1	Intro to Loanwords	https://res.cloudinary.com/holistic-japanese/image/upload/v1587262008/lessons/katakana-1/title.png	KATAKANA_2	KATAKANA	Beginner	420
KATAKANA_2	Shortened Loanwords	https://res.cloudinary.com/holistic-japanese/image/upload/v1587262008/lessons/katakana-2/title.png	KATAKANA_3	KATAKANA	Beginner	420
KATAKANA_3	Tonkatsu, Tomato and more		KATAKANA_4	KATAKANA	Beginner	420
KATAKANA_4	Hamburger, Bread and more		KATAKANA_5	KATAKANA	Beginner	420
KATAKANA_5	More Food Words		KATAKANA_6	KATAKANA	Beginner	420
KATAKANA_6	Some Hospitality Loanwords		KATAKANA_7	KATAKANA	Beginner	420
KATAKANA_7	Karaoke, Pokmon and more		KATAKANA_8	KATAKANA	Beginner	420
KATAKANA_8	Virus, Zero and more		KATAKANA_9	KATAKANA	Beginner	420
KATAKANA_9	Clarifying Similar Katakana		KATAKANA_10	KATAKANA	Beginner	420
KATAKANA_10	Game, Notebook and more		KATAKANA_11	KATAKANA	Beginner	420
KATAKANA_11	Shirt, Ramune and more		NEXT_COURSE	KATAKANA	Beginner	420
GMR_DESHITA	Past Tense	todo: add image link	GMR_NO	GRAMMAR_1	Beginner	600
GMR_NO	Possessions and Belonging	todo: add image link	GMR_JANAI	GRAMMAR_1	Beginner	600
GMR_JANAI	Negatives	todo: add image link	GMR_GA_SUKI	GRAMMAR_1	Beginner	600
\.


--
-- Data for Name: testable_results; Type: TABLE DATA; Schema: public; Owner: hugokawamata
--

COPY public.testable_results (id, created_at, answers, marks, user_id, testable_id) FROM stdin;
7	2020-07-13 00:02:50.359541	{"im yuji"}	{CORRECT}	267c8d8e-5ba7-5765-beff-fd7bd66052d6	1
8	2020-07-13 00:02:50.359541	{hugo}	{CORRECT}	267c8d8e-5ba7-5765-beff-fd7bd66052d6	3
9	2020-07-13 00:02:50.359541	{"im ok"}	{CORRECT}	267c8d8e-5ba7-5765-beff-fd7bd66052d6	4
10	2020-07-13 00:02:50.359541	{}	{CORRECT}	267c8d8e-5ba7-5765-beff-fd7bd66052d6	6
11	2020-07-13 00:02:50.359541	{"yes, im japanese"}	{CORRECT}	267c8d8e-5ba7-5765-beff-fd7bd66052d6	7
12	2020-07-13 00:02:50.359541	{}	{CORRECT}	267c8d8e-5ba7-5765-beff-fd7bd66052d6	8
\.


--
-- Data for Name: testables; Type: TABLE DATA; Schema: public; Owner: hugokawamata
--

COPY public.testables (id, set_lesson_id, person, location, context_jp, context_fg, context_en, possible_answers, question_text, question_text_fg, word_id, question_type, order_in_lesson, context_speaker, answer_type, question_prompt) FROM stdin;
7	GMR_WA_DESU	YUJI_CHATTING	HOSTEL_LOBBY	\N	\N	Are you Japanese?	Yes, I'm Japanese/Yes, Im Japanese/Yes, I am Japanese	.	.	77	J_SENTENCE	7	You	ENGLISH	Translate Yuji's reply
4	GMR_WA_DESU	CHIEKO_LUGGAGE	AIRPORT	\N	\N	Excuse me ma'am, do you need any help?	I'm ok/Im ok/I am ok/I'm alright/Im alright/I am alright	.	.	76	J_SENTENCE	4	You	ENGLISH	Translate Chieko's reply
20	GMR_WA_DESU_2	YUJI_EATING	HOSTEL_LOBBY	\N	\N	What are you eating?	This is obento/This is bento/This is a bento/This is a bento box/This is obento box/This is an obento/This is an obento box	.	.	\N	J_SENTENCE	3	You	ENGLISH	Translate Yuji's reply
59	GMR_JANAI	CHIEKO_CHATTING	TOKYO_STREET	\N	\N	Excuse me, is this yours?	That's not mine			\N	J_SENTENCE	1	You (holding a pen that was on the ground)	ENGLISH	Translate Chieko's reply
60	GMR_JANAI	HINAKO_CHATTING	TOKYO_STREET	\N	\N	Is yakitori expensive?	It's not expensive			\N	J_SENTENCE	2	You	ENGLISH	Translate Hinako's reply
2	GMR_WA_DESU	\N	\N	\N	\N	\N	\N	\N	\N	76	J_WORD	2	\N	ROMAJI	\N
5	GMR_WA_DESU	\N	\N	\N	\N	\N	\N	\N	\N	77	J_WORD	5	\N	ROMAJI	\N
61	GMR_JANAI	YUJI_CHATTING	HOSTEL_LOBBY	\N	\N	Is it cold outside?	It's not cold			\N	J_SENTENCE	3	You	ENGLISH	Translate Yuji's reply
18	GMR_WA_DESU_2	\N	\N	\N	\N	\N	\N	\N	\N	78	J_WORD	1	\N	ROMAJI	\N
6	GMR_WA_DESU	HINAKO_SERVICE	AIRPORT	..	..	Would you like me to call you a taxi?	{me}./{me_furi}.	I'm alright	\N	76	E_SENTENCE	6	Hinako (airport staff)	JAPANESE	Write your reply in Japanese
19	GMR_WA_DESU_2	\N	\N	\N	\N	\N	\N	\N	\N	79	J_WORD	2	\N	ROMAJI	\N
62	GMR_JANAI	HINAKO_CHATTING	HOSTEL_LOBBY	...	...	What's your hotel room like?	/	It's not big.	\N	\N	E_SENTENCE	4	Hinako	JAPANESE	Write your reply in Japanese
63	GMR_JANAI	YUJI_EATING	RESTAURANT	.	.	How's the food?		It's not good	\N	\N	E_SENTENCE	5	Yuji	JAPANESE	Write your reply in Japanese.
22	GMR_WA_DESU_2	\N	\N	\N	\N	\N	\N	\N	\N	80	J_WORD	5	\N	ROMAJI	\N
28	GMR_MO_DESU	\N	\N	\N	\N	\N	\N	\N	\N	85	J_WORD	2	\N	ROMAJI	\N
48	GMR_NO	\N	\N	\N	\N	\N	\N	\N	\N	140	J_WORD	5	\N	ROMAJI	\N
50	GMR_NO	YUJI_CHATTING	HOSTEL_LOBBY	..	..	How's your Japanese?	{me}../{me_furi}../{me}../{me}../{me}../{me_furi}../{me_furi}../{me_furi}..	My Japanese is bad	\N	\N	E_SENTENCE	7	Yuji	JAPANESE	Write your reply in Japanese
51	GMR_NO	HINAKO_EATING	RESTAURANT	...	...	Why is he eating his ramen like that?	{me}../{me_furi}../{me}../{me}../{me}../{me_furi}../{me_furi}../{me_furi}..	My friend is weird...	\N	\N	E_SENTENCE	8	Hinako	JAPANESE	Write your reply in Japanese.
52	GMR_NO	HINAKO_CHATTING	RESTAURANT	..	..	What do you think? Was I right?	../../../..	Yeah, Japanese food is delicious!	\N	\N	E_SENTENCE	9	Hinako	JAPANESE	Write your reply in Japanese.
37	GMR_DESHITA	YUJI_CHATTING	HOSTEL_LOBBY	\N	\N	You've been to New Zealand? How was it?	It was beautiful/Beautiful			\N	J_SENTENCE	2	You	ENGLISH	Translate Yuji's reply
64	GMR_JANAI	HINAKO_POINTING	HOSTEL_LOBBY	..	..	Is this your room?	.{me}/.{me_furi}/.{me_furi}/.{me}	That's not my room	\N	\N	E_SENTENCE	6	Hinako	JAPANESE	Write your reply in Japanese.
32	GMR_MO_DESU	YUJI_CHATTING	HOSTEL_LOBBY	..	..	Man, English is hard.	./.././../..././..	Japanese is hard too.	\N	\N	E_SENTENCE	6	Yuji	JAPANESE	Write your reply in Japanese
35	GMR_MO_DESU	\N	\N	\N	\N	\N	\N	\N	\N	84	J_WORD	8	\N	ROMAJI	\N
36	GMR_DESHITA	\N	\N	\N	\N	\N	\N	\N	\N	86	J_WORD	1	\N	ROMAJI	\N
21	GMR_WA_DESU_2	HINAKO_EATING	RESTAURANT	\N	\N	What is this?	That's tofu/That is tofu/That's toufu/That is toufu	.	.	\N	J_SENTENCE	4	You (confused about something on your plate)	ENGLISH	Translate Hinako's reply
8	GMR_WA_DESU	\N	\N	\N	\N	\N	./././././.	Yuji is Japanese	\N	77	E_SENTENCE	8	\N	JAPANESE	Translate the sentence into Japanese
24	GMR_WA_DESU_2	HINAKO_POINTING	TOKYO_STREET	\N	\N	Look at the size of that arcade!	It's big/It's so big/It's huge/It is big/It is so big/It is huge/That's big/That's so big/That's huge/That is big/That is so big/That is huge	.	.	\N	J_SENTENCE	7	You	ENGLISH	Translate Hinako's reply
1	GMR_WA_DESU	YUJI_CHATTING	HOSTEL_LOBBY	\N	\N	What's your name?	I'm Yuji/Im Yuji/I am Yuji	.	.	\N	J_SENTENCE	1	You	ENGLISH	Translate Yuji's reply (Words in blue are ones you have already learnt)
27	GMR_MO_DESU	YUJI_CHATTING	HOSTEL_LOBBY	\N	\N	Dogs are so cute.	Cats are also cute/Cats are cute too/Cats are also cute, right?/Cats are cute too, right?	..	..	\N	J_SENTENCE	1	You	ENGLISH	Translate Yuji's reply (don't worry about the  at the end for now)
29	GMR_MO_DESU	HINAKO_EATING	RESTAURANT	\N	\N	What sushi is good here?	Tuna and salmon are good/Tuna and salmon are delicious/The tuna and salmon are good/The tuna and salmon are delicious	...	...	\N	J_SENTENCE	3	You (looking at restaurant menu)	ENGLISH	Translate Hinako's reply (again, don't worry about the  particle at the end)
39	GMR_DESHITA	HINAKO_CHATTING	TOKYO_STREET	\N	\N	What was that?	It was a bird/That was a bird/A bird			\N	J_SENTENCE	4	You (hearing a sound)	ENGLISH	Translate Hinako's reply
23	GMR_WA_DESU_2	YUJI_CHATTING	HOSTEL_LOBBY	.	.	What's that?	./.	This is a pen.	\N	\N	E_SENTENCE	6	Yuji	JAPANESE	Write your reply in Japanese
3	GMR_WA_DESU	YUJI_CHATTING	HOSTEL_LOBBY	..	..	What's your name?	{me}.{fname}/{me_furi}.{fname}	I'm {fname}	\N	\N	E_SENTENCE	3	Yuji (just met)	JAPANESE	Write your reply in Japanese (but write your name in English characters)
30	GMR_MO_DESU	\N	\N	\N	\N	\N	\N	\N	\N	82	J_WORD	4	\N	ROMAJI	\N
38	GMR_DESHITA	\N	\N	\N	\N	\N	\N	\N	\N	87	J_WORD	3	\N	ROMAJI	\N
44	GMR_NO	\N	\N	\N	\N	\N	\N	\N	\N	138	J_WORD	1	\N	ROMAJI	\N
45	GMR_NO	YUJI_CHATTING	HOSTEL_LOBBY	\N	\N	Can you speak English?	My English is bad/My English is poor/I'm bad at English/My English is pretty bad	..	..	\N	J_SENTENCE	2	You	ENGLISH	Translate Yuji's reply
47	GMR_NO	HINAKO_CHATTING	TOKYO_STREET	\N	\N	What's authentic Japanese food like?	Japanese food is delicious	..	..	\N	J_SENTENCE	4	You	ENGLISH	Translate Hinako's reply
25	GMR_WA_DESU_2	HINAKO_CHATTING	TOKYO_STREET	.	.	What language is this in?	./.	That's English	\N	\N	E_SENTENCE	8	Hinako (holding a foreign travel brochure)	ENGLISH	Write your reply in English
26	GMR_WA_DESU_2	YUJI_POINTING	TOKYO_STREET	.	.	Do you see that?	///	Yeah, that's a cat over there	\N	\N	E_SENTENCE	9	Yuji (seeing a blur in an alley)	ENGLISH	Write your reply in English
31	GMR_MO_DESU	\N	\N	\N	\N	\N	\N	\N	\N	83	J_WORD	5	\N	ROMAJI	\N
33	GMR_MO_DESU	HINAKO_CHATTING	TRAIN_STATION	...	...	What do you think of Japan so far?	../../../../../../../..	The airport and the train station are amazing!	\N	\N	E_SENTENCE	7	Hinako	JAPANESE	Write your reply in Japanese.
34	GMR_MO_DESU	HINAKO_CHATTING	HOSTEL_LOBBY			Sorry. I know you asked for a pen, but I could only find a pencil.	././../../././../..	It's ok. A pencil is good too.	\N	\N	E_SENTENCE	9	Hinako	JAPANESE	Write your reply in Japanese
40	GMR_DESHITA	\N	\N	\N	\N	\N	\N	\N	\N	88	J_WORD	5	\N	ROMAJI	\N
41	GMR_DESHITA	YUJI_CHATTING	RESTAURANT	.	.	What was the yakitori like?	././././././././.	The yakitori was delicious.	\N	\N	E_SENTENCE	6	Yuji	JAPANESE	Write your reply in Japanese
42	GMR_DESHITA	\N	\N	\N	\N	\N	\N	\N	\N	89	J_WORD	7	\N	ROMAJI	\N
43	GMR_DESHITA	HINAKO_CHATTING	HOSTEL_LOBBY	..	..	How was the concert?	/	It was fun!	\N	\N	E_SENTENCE	8	Hinako	JAPANESE	Write your reply in Japanese.
46	GMR_NO	\N	\N	\N	\N	\N	\N	\N	\N	139	J_WORD	3	\N	ROMAJI	\N
49	GMR_NO	HINAKO_CHATTING	RESTAURANT	\N	\N	Wasn't someone meeting us here?	Yeah, my friend is a bit late/Yes, my friend is a bit late/Yeah, my friend is a little late/Yes, my friend is a little late	..	..	\N	J_SENTENCE	6	You	ENGLISH	Translate Hinako's reply
\.


--
-- Data for Name: user_characters; Type: TABLE DATA; Schema: public; Owner: hugokawamata
--

COPY public.user_characters (user_id, character_id, proficiency, result_ids, mnemonic) FROM stdin;
267c8d8e-5ba7-5765-beff-fd7bd66052d6	46	1	\N	\N
267c8d8e-5ba7-5765-beff-fd7bd66052d6	44	1	\N	\N
267c8d8e-5ba7-5765-beff-fd7bd66052d6	50	1	\N	\N
267c8d8e-5ba7-5765-beff-fd7bd66052d6	8	1	\N	\N
267c8d8e-5ba7-5765-beff-fd7bd66052d6	42	1	\N	\N
267c8d8e-5ba7-5765-beff-fd7bd66052d6	36	1	\N	\N
267c8d8e-5ba7-5765-beff-fd7bd66052d6	47	1	\N	\N
267c8d8e-5ba7-5765-beff-fd7bd66052d6	48	1	\N	\N
267c8d8e-5ba7-5765-beff-fd7bd66052d6	62	1	\N	\N
267c8d8e-5ba7-5765-beff-fd7bd66052d6	49	1	\N	\N
267c8d8e-5ba7-5765-beff-fd7bd66052d6	45	1	\N	\N
267c8d8e-5ba7-5765-beff-fd7bd66052d6	10	1	\N	\N
267c8d8e-5ba7-5765-beff-fd7bd66052d6	59	1	\N	\N
76aaa9f3-f4d6-5f7e-85f4-ef9915d93bd3	2	1	\N	\N
267c8d8e-5ba7-5765-beff-fd7bd66052d6	15	1	\N	\N
267c8d8e-5ba7-5765-beff-fd7bd66052d6	4	1	\N	\N
267c8d8e-5ba7-5765-beff-fd7bd66052d6	9	1	\N	\N
267c8d8e-5ba7-5765-beff-fd7bd66052d6	13	1	\N	\N
267c8d8e-5ba7-5765-beff-fd7bd66052d6	57	1	\N	\N
267c8d8e-5ba7-5765-beff-fd7bd66052d6	20	1	\N	\N
267c8d8e-5ba7-5765-beff-fd7bd66052d6	14	1	\N	\N
267c8d8e-5ba7-5765-beff-fd7bd66052d6	24	1	\N	\N
267c8d8e-5ba7-5765-beff-fd7bd66052d6	25	1	\N	\N
267c8d8e-5ba7-5765-beff-fd7bd66052d6	35	1	\N	\N
267c8d8e-5ba7-5765-beff-fd7bd66052d6	21	1	\N	\N
267c8d8e-5ba7-5765-beff-fd7bd66052d6	5	1	\N	\N
267c8d8e-5ba7-5765-beff-fd7bd66052d6	23	1	\N	\N
267c8d8e-5ba7-5765-beff-fd7bd66052d6	63	1	\N	\N
267c8d8e-5ba7-5765-beff-fd7bd66052d6	17	1	\N	\N
267c8d8e-5ba7-5765-beff-fd7bd66052d6	28	1	\N	\N
76aaa9f3-f4d6-5f7e-85f4-ef9915d93bd3	5	1	\N	\N
267c8d8e-5ba7-5765-beff-fd7bd66052d6	31	1	\N	\N
267c8d8e-5ba7-5765-beff-fd7bd66052d6	58	1	\N	\N
267c8d8e-5ba7-5765-beff-fd7bd66052d6	60	1	\N	\N
267c8d8e-5ba7-5765-beff-fd7bd66052d6	40	1	\N	\N
267c8d8e-5ba7-5765-beff-fd7bd66052d6	34	1	\N	\N
76aaa9f3-f4d6-5f7e-85f4-ef9915d93bd3	15	1	\N	\N
267c8d8e-5ba7-5765-beff-fd7bd66052d6	29	1	\N	\N
267c8d8e-5ba7-5765-beff-fd7bd66052d6	26	1	\N	\N
267c8d8e-5ba7-5765-beff-fd7bd66052d6	38	1	\N	\N
267c8d8e-5ba7-5765-beff-fd7bd66052d6	61	1	\N	\N
267c8d8e-5ba7-5765-beff-fd7bd66052d6	39	1	\N	\N
76aaa9f3-f4d6-5f7e-85f4-ef9915d93bd3	27	1	\N	\N
76aaa9f3-f4d6-5f7e-85f4-ef9915d93bd3	9	1	\N	\N
267c8d8e-5ba7-5765-beff-fd7bd66052d6	19	1	\N	\N
267c8d8e-5ba7-5765-beff-fd7bd66052d6	69	1	\N	\N
267c8d8e-5ba7-5765-beff-fd7bd66052d6	11	1	\N	\N
267c8d8e-5ba7-5765-beff-fd7bd66052d6	70	1	\N	\N
267c8d8e-5ba7-5765-beff-fd7bd66052d6	22	1	\N	\N
76aaa9f3-f4d6-5f7e-85f4-ef9915d93bd3	20	1	\N	\N
267c8d8e-5ba7-5765-beff-fd7bd66052d6	41	1	\N	\N
76aaa9f3-f4d6-5f7e-85f4-ef9915d93bd3	38	1	\N	\N
76aaa9f3-f4d6-5f7e-85f4-ef9915d93bd3	11	1	\N	\N
267c8d8e-5ba7-5765-beff-fd7bd66052d6	43	1	\N	\N
76aaa9f3-f4d6-5f7e-85f4-ef9915d93bd3	39	1	\N	\N
267c8d8e-5ba7-5765-beff-fd7bd66052d6	37	1	\N	\N
76aaa9f3-f4d6-5f7e-85f4-ef9915d93bd3	14	1	\N	\N
e758a541-973b-5922-8090-339365f29818	1	1	\N	\N
76aaa9f3-f4d6-5f7e-85f4-ef9915d93bd3	10	1	\N	\N
76aaa9f3-f4d6-5f7e-85f4-ef9915d93bd3	24	1	\N	\N
76aaa9f3-f4d6-5f7e-85f4-ef9915d93bd3	28	1	\N	\N
76aaa9f3-f4d6-5f7e-85f4-ef9915d93bd3	25	1	\N	\N
76aaa9f3-f4d6-5f7e-85f4-ef9915d93bd3	7	1	\N	\N
76aaa9f3-f4d6-5f7e-85f4-ef9915d93bd3	21	1	\N	\N
76aaa9f3-f4d6-5f7e-85f4-ef9915d93bd3	105	0.25	\N	\N
76aaa9f3-f4d6-5f7e-85f4-ef9915d93bd3	22	1	\N	\N
76aaa9f3-f4d6-5f7e-85f4-ef9915d93bd3	16	1	\N	\N
76aaa9f3-f4d6-5f7e-85f4-ef9915d93bd3	19	1	\N	\N
76aaa9f3-f4d6-5f7e-85f4-ef9915d93bd3	17	1	\N	\N
76aaa9f3-f4d6-5f7e-85f4-ef9915d93bd3	18	1	\N	\N
76aaa9f3-f4d6-5f7e-85f4-ef9915d93bd3	4	0.933333337	\N	\N
76aaa9f3-f4d6-5f7e-85f4-ef9915d93bd3	30	1	\N	\N
76aaa9f3-f4d6-5f7e-85f4-ef9915d93bd3	23	1	\N	\N
76aaa9f3-f4d6-5f7e-85f4-ef9915d93bd3	40	1	\N	\N
76aaa9f3-f4d6-5f7e-85f4-ef9915d93bd3	8	1	\N	\N
76aaa9f3-f4d6-5f7e-85f4-ef9915d93bd3	26	1	\N	\N
76aaa9f3-f4d6-5f7e-85f4-ef9915d93bd3	3	1	\N	\N
76aaa9f3-f4d6-5f7e-85f4-ef9915d93bd3	31	1	\N	\N
76aaa9f3-f4d6-5f7e-85f4-ef9915d93bd3	34	1	\N	\N
76aaa9f3-f4d6-5f7e-85f4-ef9915d93bd3	13	1	\N	\N
76aaa9f3-f4d6-5f7e-85f4-ef9915d93bd3	35	1	\N	\N
e758a541-973b-5922-8090-339365f29818	5	1	\N	\N
76aaa9f3-f4d6-5f7e-85f4-ef9915d93bd3	12	1	\N	\N
76aaa9f3-f4d6-5f7e-85f4-ef9915d93bd3	29	1	\N	\N
e758a541-973b-5922-8090-339365f29818	3	1	\N	\N
e758a541-973b-5922-8090-339365f29818	2	1	\N	\N
76aaa9f3-f4d6-5f7e-85f4-ef9915d93bd3	36	1	\N	\N
76aaa9f3-f4d6-5f7e-85f4-ef9915d93bd3	37	1	\N	\N
76aaa9f3-f4d6-5f7e-85f4-ef9915d93bd3	1	0.950144589	\N	\N
76aaa9f3-f4d6-5f7e-85f4-ef9915d93bd3	6	0.851720035	\N	\N
e758a541-973b-5922-8090-339365f29818	4	1	\N	\N
267c8d8e-5ba7-5765-beff-fd7bd66052d6	6	1	\N	\N
267c8d8e-5ba7-5765-beff-fd7bd66052d6	2	1	\N	\N
0a893a59-2311-5c65-a908-c41a9b43aea7	7	1	\N	\N
0a893a59-2311-5c65-a908-c41a9b43aea7	10	0.5	\N	\N
267c8d8e-5ba7-5765-beff-fd7bd66052d6	7	1	\N	\N
0a893a59-2311-5c65-a908-c41a9b43aea7	9	1	\N	\N
267c8d8e-5ba7-5765-beff-fd7bd66052d6	105	0.25	\N	\N
0a893a59-2311-5c65-a908-c41a9b43aea7	6	0.5	\N	\N
0a893a59-2311-5c65-a908-c41a9b43aea7	8	0.333333343	\N	\N
267c8d8e-5ba7-5765-beff-fd7bd66052d6	53	1	\N	\N
4b8685eb-af41-538e-81a8-7127823df22b	7	1	\N	\N
267c8d8e-5ba7-5765-beff-fd7bd66052d6	54	1	\N	\N
4b8685eb-af41-538e-81a8-7127823df22b	10	1	\N	\N
4b8685eb-af41-538e-81a8-7127823df22b	17	1	\N	\N
4b8685eb-af41-538e-81a8-7127823df22b	19	1	\N	\N
4b8685eb-af41-538e-81a8-7127823df22b	18	1	\N	\N
4b8685eb-af41-538e-81a8-7127823df22b	11	1	\N	\N
4b8685eb-af41-538e-81a8-7127823df22b	9	1	\N	\N
4b8685eb-af41-538e-81a8-7127823df22b	16	1	\N	\N
4b8685eb-af41-538e-81a8-7127823df22b	8	1	\N	\N
4b8685eb-af41-538e-81a8-7127823df22b	14	1	\N	\N
4b8685eb-af41-538e-81a8-7127823df22b	13	1	\N	\N
4b8685eb-af41-538e-81a8-7127823df22b	20	1	\N	\N
4b8685eb-af41-538e-81a8-7127823df22b	5	0.854166687	\N	\N
4b8685eb-af41-538e-81a8-7127823df22b	15	1	\N	\N
4b8685eb-af41-538e-81a8-7127823df22b	2	0.848484874	\N	\N
4b8685eb-af41-538e-81a8-7127823df22b	4	0.768939376	\N	\N
0a893a59-2311-5c65-a908-c41a9b43aea7	2	0.728248239	\N	\N
0a893a59-2311-5c65-a908-c41a9b43aea7	4	0.980225682	\N	\N
0a893a59-2311-5c65-a908-c41a9b43aea7	1	1	\N	\N
0a893a59-2311-5c65-a908-c41a9b43aea7	5	0.942933917	\N	\N
0a893a59-2311-5c65-a908-c41a9b43aea7	3	1	\N	\N
267c8d8e-5ba7-5765-beff-fd7bd66052d6	12	1	\N	\N
267c8d8e-5ba7-5765-beff-fd7bd66052d6	78	0.25	\N	\N
267c8d8e-5ba7-5765-beff-fd7bd66052d6	74	0.25	\N	\N
267c8d8e-5ba7-5765-beff-fd7bd66052d6	79	0.25	\N	\N
267c8d8e-5ba7-5765-beff-fd7bd66052d6	86	0.5	\N	\N
267c8d8e-5ba7-5765-beff-fd7bd66052d6	66	1	\N	\N
267c8d8e-5ba7-5765-beff-fd7bd66052d6	64	1	\N	\N
267c8d8e-5ba7-5765-beff-fd7bd66052d6	55	1	\N	\N
267c8d8e-5ba7-5765-beff-fd7bd66052d6	67	1	\N	\N
267c8d8e-5ba7-5765-beff-fd7bd66052d6	56	1	\N	\N
267c8d8e-5ba7-5765-beff-fd7bd66052d6	18	1	\N	\N
267c8d8e-5ba7-5765-beff-fd7bd66052d6	68	1	\N	\N
267c8d8e-5ba7-5765-beff-fd7bd66052d6	1	1	\N	\N
267c8d8e-5ba7-5765-beff-fd7bd66052d6	65	1	\N	\N
267c8d8e-5ba7-5765-beff-fd7bd66052d6	16	1	\N	\N
267c8d8e-5ba7-5765-beff-fd7bd66052d6	30	1	\N	\N
267c8d8e-5ba7-5765-beff-fd7bd66052d6	3	1	\N	\N
4b8685eb-af41-538e-81a8-7127823df22b	24	1	\N	\N
4b8685eb-af41-538e-81a8-7127823df22b	25	1	\N	\N
4b8685eb-af41-538e-81a8-7127823df22b	3	0.93849355	\N	\N
4b8685eb-af41-538e-81a8-7127823df22b	21	1	\N	\N
4b8685eb-af41-538e-81a8-7127823df22b	105	0.200000003	\N	\N
4b8685eb-af41-538e-81a8-7127823df22b	1	1	\N	\N
4b8685eb-af41-538e-81a8-7127823df22b	22	1	\N	\N
4b8685eb-af41-538e-81a8-7127823df22b	12	0.998310149	\N	\N
4b8685eb-af41-538e-81a8-7127823df22b	23	1	\N	\N
4b8685eb-af41-538e-81a8-7127823df22b	6	1	\N	\N
267c8d8e-5ba7-5765-beff-fd7bd66052d6	51	1	\N	\N
267c8d8e-5ba7-5765-beff-fd7bd66052d6	27	1	\N	\N
267c8d8e-5ba7-5765-beff-fd7bd66052d6	71	1	\N	\N
267c8d8e-5ba7-5765-beff-fd7bd66052d6	52	1	\N	\N
\.


--
-- Data for Name: user_courses; Type: TABLE DATA; Schema: public; Owner: hugokawamata
--

COPY public.user_courses (user_id, course_id, status, completed_at) FROM stdin;
267c8d8e-5ba7-5765-beff-fd7bd66052d6	GRAMMAR_1	AVAILABLE	\N
76aaa9f3-f4d6-5f7e-85f4-ef9915d93bd3	HIRAGANA	AVAILABLE	\N
2b7b56be-3bdb-5f38-b28b-6ee83bd89cbd	HIRAGANA	AVAILABLE	\N
0a893a59-2311-5c65-a908-c41a9b43aea7	HIRAGANA	AVAILABLE	\N
e758a541-973b-5922-8090-339365f29818	HIRAGANA	AVAILABLE	\N
3d7e40ad-3fe9-5f38-90d4-cd9ac653664f	HIRAGANA	AVAILABLE	\N
4b8685eb-af41-538e-81a8-7127823df22b	HIRAGANA	AVAILABLE	\N
267c8d8e-5ba7-5765-beff-fd7bd66052d6	KATAKANA	AVAILABLE	\N
267c8d8e-5ba7-5765-beff-fd7bd66052d6	HIRAGANA	COMPLETE	2020-08-13
\.


--
-- Data for Name: user_set_lessons; Type: TABLE DATA; Schema: public; Owner: hugokawamata
--

COPY public.user_set_lessons (user_id, set_lesson_id, status, completed_at) FROM stdin;
76aaa9f3-f4d6-5f7e-85f4-ef9915d93bd3	HIRAGANA_DA	COMPLETE	2020-07-04
76aaa9f3-f4d6-5f7e-85f4-ef9915d93bd3	HIRAGANA_NA	COMPLETE	2020-07-04
76aaa9f3-f4d6-5f7e-85f4-ef9915d93bd3	HIRAGANA_N	AVAILABLE	\N
267c8d8e-5ba7-5765-beff-fd7bd66052d6	GMR_WA_DESU	AVAILABLE	\N
e758a541-973b-5922-8090-339365f29818	HIRAGANA_A	COMPLETE	2020-07-20
e758a541-973b-5922-8090-339365f29818	HIRAGANA_KA	AVAILABLE	\N
3d7e40ad-3fe9-5f38-90d4-cd9ac653664f	HIRAGANA_A	AVAILABLE	\N
0a893a59-2311-5c65-a908-c41a9b43aea7	HIRAGANA_KA	COMPLETE	2020-07-27
0a893a59-2311-5c65-a908-c41a9b43aea7	HIRAGANA_GA	AVAILABLE	\N
4b8685eb-af41-538e-81a8-7127823df22b	HIRAGANA_A	COMPLETE	2020-08-01
4b8685eb-af41-538e-81a8-7127823df22b	HIRAGANA_KA	COMPLETE	2020-08-01
4b8685eb-af41-538e-81a8-7127823df22b	HIRAGANA_GA	COMPLETE	2020-08-02
267c8d8e-5ba7-5765-beff-fd7bd66052d6	HIRAGANA_A	COMPLETE	2020-06-25
267c8d8e-5ba7-5765-beff-fd7bd66052d6	HIRAGANA_KA	COMPLETE	2020-06-25
267c8d8e-5ba7-5765-beff-fd7bd66052d6	HIRAGANA_GA	COMPLETE	2020-06-25
267c8d8e-5ba7-5765-beff-fd7bd66052d6	HIRAGANA_SA	COMPLETE	2020-06-25
267c8d8e-5ba7-5765-beff-fd7bd66052d6	HIRAGANA_ZA	COMPLETE	2020-06-25
267c8d8e-5ba7-5765-beff-fd7bd66052d6	HIRAGANA_TA	COMPLETE	2020-06-25
267c8d8e-5ba7-5765-beff-fd7bd66052d6	HIRAGANA_DA	COMPLETE	2020-06-25
267c8d8e-5ba7-5765-beff-fd7bd66052d6	HIRAGANA_NA	COMPLETE	2020-06-25
267c8d8e-5ba7-5765-beff-fd7bd66052d6	HIRAGANA_N	COMPLETE	2020-06-25
267c8d8e-5ba7-5765-beff-fd7bd66052d6	HIRAGANA_HA	COMPLETE	2020-06-25
267c8d8e-5ba7-5765-beff-fd7bd66052d6	HIRAGANA_BA	COMPLETE	2020-06-25
267c8d8e-5ba7-5765-beff-fd7bd66052d6	HIRAGANA_MA	COMPLETE	2020-06-25
267c8d8e-5ba7-5765-beff-fd7bd66052d6	HIRAGANA_WA	COMPLETE	2020-06-25
2b7b56be-3bdb-5f38-b28b-6ee83bd89cbd	HIRAGANA_A	AVAILABLE	\N
4b8685eb-af41-538e-81a8-7127823df22b	HIRAGANA_SA	COMPLETE	2020-08-03
4b8685eb-af41-538e-81a8-7127823df22b	HIRAGANA_TA	AVAILABLE	\N
0a893a59-2311-5c65-a908-c41a9b43aea7	HIRAGANA_A	COMPLETE	2020-08-03
267c8d8e-5ba7-5765-beff-fd7bd66052d6	HIRAGANA_LYA	COMPLETE	2020-08-13
76aaa9f3-f4d6-5f7e-85f4-ef9915d93bd3	HIRAGANA_A	COMPLETE	2020-06-30
76aaa9f3-f4d6-5f7e-85f4-ef9915d93bd3	HIRAGANA_KA	COMPLETE	2020-06-30
76aaa9f3-f4d6-5f7e-85f4-ef9915d93bd3	HIRAGANA_GA	COMPLETE	2020-06-30
267c8d8e-5ba7-5765-beff-fd7bd66052d6	HIRAGANA_YA	COMPLETE	2020-07-04
76aaa9f3-f4d6-5f7e-85f4-ef9915d93bd3	HIRAGANA_SA	COMPLETE	2020-07-04
76aaa9f3-f4d6-5f7e-85f4-ef9915d93bd3	HIRAGANA_ZA	COMPLETE	2020-07-04
76aaa9f3-f4d6-5f7e-85f4-ef9915d93bd3	HIRAGANA_TA	COMPLETE	2020-07-04
267c8d8e-5ba7-5765-beff-fd7bd66052d6	HIRAGANA_RA	COMPLETE	2020-08-13
267c8d8e-5ba7-5765-beff-fd7bd66052d6	HIRAGANA_PA	COMPLETE	2020-08-13
267c8d8e-5ba7-5765-beff-fd7bd66052d6	KATAKANA_1	COMPLETE	2020-08-16
267c8d8e-5ba7-5765-beff-fd7bd66052d6	KATAKANA_2	AVAILABLE	\N
4b8685eb-af41-538e-81a8-7127823df22b	HIRAGANA_ZA	COMPLETE	2020-08-18
\.


--
-- Data for Name: user_testables; Type: TABLE DATA; Schema: public; Owner: hugokawamata
--

COPY public.user_testables (proficiency, user_id, testable_id) FROM stdin;
1	267c8d8e-5ba7-5765-beff-fd7bd66052d6	1
1	267c8d8e-5ba7-5765-beff-fd7bd66052d6	3
1	267c8d8e-5ba7-5765-beff-fd7bd66052d6	4
1	267c8d8e-5ba7-5765-beff-fd7bd66052d6	6
1	267c8d8e-5ba7-5765-beff-fd7bd66052d6	7
1	267c8d8e-5ba7-5765-beff-fd7bd66052d6	8
\.


--
-- Data for Name: user_words; Type: TABLE DATA; Schema: public; Owner: hugokawamata
--

COPY public.user_words (user_id, word_id, proficiency, mnemonic) FROM stdin;
76aaa9f3-f4d6-5f7e-85f4-ef9915d93bd3	10	1	\N
76aaa9f3-f4d6-5f7e-85f4-ef9915d93bd3	11	1	\N
76aaa9f3-f4d6-5f7e-85f4-ef9915d93bd3	12	1	\N
76aaa9f3-f4d6-5f7e-85f4-ef9915d93bd3	13	1	\N
76aaa9f3-f4d6-5f7e-85f4-ef9915d93bd3	9	1	\N
267c8d8e-5ba7-5765-beff-fd7bd66052d6	56	1	\N
267c8d8e-5ba7-5765-beff-fd7bd66052d6	57	1	\N
267c8d8e-5ba7-5765-beff-fd7bd66052d6	58	1	\N
76aaa9f3-f4d6-5f7e-85f4-ef9915d93bd3	14	1	\N
76aaa9f3-f4d6-5f7e-85f4-ef9915d93bd3	15	1	\N
76aaa9f3-f4d6-5f7e-85f4-ef9915d93bd3	16	1	\N
76aaa9f3-f4d6-5f7e-85f4-ef9915d93bd3	18	1	\N
76aaa9f3-f4d6-5f7e-85f4-ef9915d93bd3	17	1	\N
76aaa9f3-f4d6-5f7e-85f4-ef9915d93bd3	19	1	\N
76aaa9f3-f4d6-5f7e-85f4-ef9915d93bd3	20	1	\N
76aaa9f3-f4d6-5f7e-85f4-ef9915d93bd3	21	1	\N
76aaa9f3-f4d6-5f7e-85f4-ef9915d93bd3	23	1	\N
76aaa9f3-f4d6-5f7e-85f4-ef9915d93bd3	22	1	\N
76aaa9f3-f4d6-5f7e-85f4-ef9915d93bd3	5	0.753573179	\N
76aaa9f3-f4d6-5f7e-85f4-ef9915d93bd3	24	1	\N
76aaa9f3-f4d6-5f7e-85f4-ef9915d93bd3	25	1	\N
76aaa9f3-f4d6-5f7e-85f4-ef9915d93bd3	26	1	\N
76aaa9f3-f4d6-5f7e-85f4-ef9915d93bd3	27	1	\N
76aaa9f3-f4d6-5f7e-85f4-ef9915d93bd3	28	1	\N
76aaa9f3-f4d6-5f7e-85f4-ef9915d93bd3	29	1	\N
76aaa9f3-f4d6-5f7e-85f4-ef9915d93bd3	30	1	\N
76aaa9f3-f4d6-5f7e-85f4-ef9915d93bd3	31	1	\N
76aaa9f3-f4d6-5f7e-85f4-ef9915d93bd3	32	1	\N
76aaa9f3-f4d6-5f7e-85f4-ef9915d93bd3	33	1	\N
76aaa9f3-f4d6-5f7e-85f4-ef9915d93bd3	34	1	\N
76aaa9f3-f4d6-5f7e-85f4-ef9915d93bd3	35	1	\N
267c8d8e-5ba7-5765-beff-fd7bd66052d6	3	1	\N
267c8d8e-5ba7-5765-beff-fd7bd66052d6	4	1	\N
267c8d8e-5ba7-5765-beff-fd7bd66052d6	5	1	\N
267c8d8e-5ba7-5765-beff-fd7bd66052d6	6	1	\N
267c8d8e-5ba7-5765-beff-fd7bd66052d6	7	1	\N
267c8d8e-5ba7-5765-beff-fd7bd66052d6	8	1	\N
267c8d8e-5ba7-5765-beff-fd7bd66052d6	9	1	\N
267c8d8e-5ba7-5765-beff-fd7bd66052d6	10	1	\N
267c8d8e-5ba7-5765-beff-fd7bd66052d6	11	1	\N
267c8d8e-5ba7-5765-beff-fd7bd66052d6	12	1	\N
267c8d8e-5ba7-5765-beff-fd7bd66052d6	13	1	\N
267c8d8e-5ba7-5765-beff-fd7bd66052d6	14	1	\N
267c8d8e-5ba7-5765-beff-fd7bd66052d6	15	1	\N
267c8d8e-5ba7-5765-beff-fd7bd66052d6	16	1	\N
267c8d8e-5ba7-5765-beff-fd7bd66052d6	17	1	\N
267c8d8e-5ba7-5765-beff-fd7bd66052d6	18	1	\N
267c8d8e-5ba7-5765-beff-fd7bd66052d6	19	1	\N
267c8d8e-5ba7-5765-beff-fd7bd66052d6	20	1	\N
267c8d8e-5ba7-5765-beff-fd7bd66052d6	21	1	\N
267c8d8e-5ba7-5765-beff-fd7bd66052d6	22	1	\N
267c8d8e-5ba7-5765-beff-fd7bd66052d6	23	1	\N
267c8d8e-5ba7-5765-beff-fd7bd66052d6	26	1	\N
267c8d8e-5ba7-5765-beff-fd7bd66052d6	27	1	\N
267c8d8e-5ba7-5765-beff-fd7bd66052d6	25	1	\N
267c8d8e-5ba7-5765-beff-fd7bd66052d6	28	1	\N
267c8d8e-5ba7-5765-beff-fd7bd66052d6	24	1	\N
267c8d8e-5ba7-5765-beff-fd7bd66052d6	29	1	\N
267c8d8e-5ba7-5765-beff-fd7bd66052d6	30	1	\N
267c8d8e-5ba7-5765-beff-fd7bd66052d6	31	1	\N
267c8d8e-5ba7-5765-beff-fd7bd66052d6	32	1	\N
267c8d8e-5ba7-5765-beff-fd7bd66052d6	34	1	\N
267c8d8e-5ba7-5765-beff-fd7bd66052d6	35	1	\N
267c8d8e-5ba7-5765-beff-fd7bd66052d6	33	1	\N
267c8d8e-5ba7-5765-beff-fd7bd66052d6	36	1	\N
267c8d8e-5ba7-5765-beff-fd7bd66052d6	37	1	\N
267c8d8e-5ba7-5765-beff-fd7bd66052d6	38	1	\N
267c8d8e-5ba7-5765-beff-fd7bd66052d6	39	1	\N
267c8d8e-5ba7-5765-beff-fd7bd66052d6	40	1	\N
267c8d8e-5ba7-5765-beff-fd7bd66052d6	41	1	\N
267c8d8e-5ba7-5765-beff-fd7bd66052d6	42	1	\N
267c8d8e-5ba7-5765-beff-fd7bd66052d6	43	1	\N
267c8d8e-5ba7-5765-beff-fd7bd66052d6	44	1	\N
267c8d8e-5ba7-5765-beff-fd7bd66052d6	45	1	\N
267c8d8e-5ba7-5765-beff-fd7bd66052d6	46	1	\N
267c8d8e-5ba7-5765-beff-fd7bd66052d6	47	1	\N
267c8d8e-5ba7-5765-beff-fd7bd66052d6	48	1	\N
267c8d8e-5ba7-5765-beff-fd7bd66052d6	49	1	\N
267c8d8e-5ba7-5765-beff-fd7bd66052d6	50	1	\N
267c8d8e-5ba7-5765-beff-fd7bd66052d6	51	1	\N
267c8d8e-5ba7-5765-beff-fd7bd66052d6	52	1	\N
267c8d8e-5ba7-5765-beff-fd7bd66052d6	53	1	\N
267c8d8e-5ba7-5765-beff-fd7bd66052d6	54	1	\N
267c8d8e-5ba7-5765-beff-fd7bd66052d6	55	1	\N
267c8d8e-5ba7-5765-beff-fd7bd66052d6	73	1	\N
267c8d8e-5ba7-5765-beff-fd7bd66052d6	76	1	\N
267c8d8e-5ba7-5765-beff-fd7bd66052d6	77	1	\N
e758a541-973b-5922-8090-339365f29818	4	1	\N
e758a541-973b-5922-8090-339365f29818	3	1	\N
76aaa9f3-f4d6-5f7e-85f4-ef9915d93bd3	3	0.9375	\N
76aaa9f3-f4d6-5f7e-85f4-ef9915d93bd3	4	0.9375	\N
76aaa9f3-f4d6-5f7e-85f4-ef9915d93bd3	6	1	\N
76aaa9f3-f4d6-5f7e-85f4-ef9915d93bd3	7	1	\N
76aaa9f3-f4d6-5f7e-85f4-ef9915d93bd3	8	1	\N
0a893a59-2311-5c65-a908-c41a9b43aea7	5	1	\N
0a893a59-2311-5c65-a908-c41a9b43aea7	6	1	\N
0a893a59-2311-5c65-a908-c41a9b43aea7	7	0.5	\N
0a893a59-2311-5c65-a908-c41a9b43aea7	8	0.333333343	\N
4b8685eb-af41-538e-81a8-7127823df22b	3	1	\N
4b8685eb-af41-538e-81a8-7127823df22b	5	1	\N
4b8685eb-af41-538e-81a8-7127823df22b	6	1	\N
4b8685eb-af41-538e-81a8-7127823df22b	8	1	\N
4b8685eb-af41-538e-81a8-7127823df22b	7	1	\N
4b8685eb-af41-538e-81a8-7127823df22b	10	1	\N
4b8685eb-af41-538e-81a8-7127823df22b	11	1	\N
4b8685eb-af41-538e-81a8-7127823df22b	9	1	\N
4b8685eb-af41-538e-81a8-7127823df22b	12	1	\N
4b8685eb-af41-538e-81a8-7127823df22b	13	1	\N
4b8685eb-af41-538e-81a8-7127823df22b	15	1	\N
4b8685eb-af41-538e-81a8-7127823df22b	16	1	\N
4b8685eb-af41-538e-81a8-7127823df22b	17	1	\N
4b8685eb-af41-538e-81a8-7127823df22b	18	1	\N
4b8685eb-af41-538e-81a8-7127823df22b	14	0.75	\N
4b8685eb-af41-538e-81a8-7127823df22b	4	0.768939376	\N
0a893a59-2311-5c65-a908-c41a9b43aea7	1	0.200000003	\N
0a893a59-2311-5c65-a908-c41a9b43aea7	2	0.25	\N
0a893a59-2311-5c65-a908-c41a9b43aea7	3	0.759887159	\N
0a893a59-2311-5c65-a908-c41a9b43aea7	4	1	\N
267c8d8e-5ba7-5765-beff-fd7bd66052d6	59	1	\N
267c8d8e-5ba7-5765-beff-fd7bd66052d6	60	1	\N
267c8d8e-5ba7-5765-beff-fd7bd66052d6	61	1	\N
267c8d8e-5ba7-5765-beff-fd7bd66052d6	62	1	\N
267c8d8e-5ba7-5765-beff-fd7bd66052d6	63	1	\N
267c8d8e-5ba7-5765-beff-fd7bd66052d6	64	1	\N
267c8d8e-5ba7-5765-beff-fd7bd66052d6	65	1	\N
267c8d8e-5ba7-5765-beff-fd7bd66052d6	66	1	\N
267c8d8e-5ba7-5765-beff-fd7bd66052d6	67	1	\N
267c8d8e-5ba7-5765-beff-fd7bd66052d6	68	1	\N
267c8d8e-5ba7-5765-beff-fd7bd66052d6	69	1	\N
267c8d8e-5ba7-5765-beff-fd7bd66052d6	70	1	\N
267c8d8e-5ba7-5765-beff-fd7bd66052d6	71	1	\N
267c8d8e-5ba7-5765-beff-fd7bd66052d6	72	1	\N
267c8d8e-5ba7-5765-beff-fd7bd66052d6	90	1	\N
267c8d8e-5ba7-5765-beff-fd7bd66052d6	91	1	\N
267c8d8e-5ba7-5765-beff-fd7bd66052d6	92	1	\N
267c8d8e-5ba7-5765-beff-fd7bd66052d6	93	1	\N
4b8685eb-af41-538e-81a8-7127823df22b	19	1	\N
4b8685eb-af41-538e-81a8-7127823df22b	20	1	\N
4b8685eb-af41-538e-81a8-7127823df22b	21	0.5	\N
4b8685eb-af41-538e-81a8-7127823df22b	23	1	\N
4b8685eb-af41-538e-81a8-7127823df22b	22	0.996631742	\N
\.


--
-- Data for Name: word_results; Type: TABLE DATA; Schema: public; Owner: hugokawamata
--

COPY public.word_results (id, created_at, answers, marks, user_id, word_id) FROM stdin;
786	2020-08-13 10:46:45.504226	{"pa,chi,n,ko","pa,chi,n,ko","pa,chi,n,ko"}	{CORRECT,CORRECT,CORRECT}	267c8d8e-5ba7-5765-beff-fd7bd66052d6	68
787	2020-08-13 10:46:45.504226	{"e,n,pi,tsu","e,n,pi,tsu","e,n,pi,tsu"}	{CORRECT,CORRECT,CORRECT}	267c8d8e-5ba7-5765-beff-fd7bd66052d6	69
788	2020-08-13 10:46:45.504226	{"ki,p,pu","ki,p,pu","ki,p,pu"}	{CORRECT,CORRECT,CORRECT}	267c8d8e-5ba7-5765-beff-fd7bd66052d6	70
789	2020-08-13 10:46:45.504226	{"pe,n","pe,n","pe,n"}	{CORRECT,CORRECT,CORRECT}	267c8d8e-5ba7-5765-beff-fd7bd66052d6	71
790	2020-08-13 10:46:45.504226	{"sa,n,po","sa,n,po","sa,n,po"}	{CORRECT,CORRECT,CORRECT}	267c8d8e-5ba7-5765-beff-fd7bd66052d6	72
568	2020-06-25 09:01:16.621684	{"i,i,e","i,i,e","i,i,e"}	{CORRECT,CORRECT,CORRECT}	267c8d8e-5ba7-5765-beff-fd7bd66052d6	3
569	2020-06-25 09:01:16.621684	{"u,e","u,e","u,e"}	{CORRECT,CORRECT,CORRECT}	267c8d8e-5ba7-5765-beff-fd7bd66052d6	4
570	2020-06-25 09:01:58.35025	{"a,ka","a,ka","a,ka"}	{CORRECT,CORRECT,CORRECT}	267c8d8e-5ba7-5765-beff-fd7bd66052d6	5
571	2020-06-25 09:01:58.35025	{"e,ki","e,ki","e,ki"}	{CORRECT,CORRECT,CORRECT}	267c8d8e-5ba7-5765-beff-fd7bd66052d6	6
572	2020-06-25 09:01:58.35025	{"ku,u,ko,u","ku,u,ko,u","ku,u,ko,u"}	{CORRECT,CORRECT,CORRECT}	267c8d8e-5ba7-5765-beff-fd7bd66052d6	7
573	2020-06-25 09:01:58.35025	{"ke,i,ka,ku","ke,i,ka,ku","ke,i,ka,ku"}	{CORRECT,CORRECT,CORRECT}	267c8d8e-5ba7-5765-beff-fd7bd66052d6	8
574	2020-06-25 09:03:05.563748	{"e,i,ga","e,i,ga","e,i,ga"}	{CORRECT,CORRECT,CORRECT}	267c8d8e-5ba7-5765-beff-fd7bd66052d6	9
575	2020-06-25 09:03:05.563748	{"ka,gi","ka,gi","ka,gi"}	{CORRECT,CORRECT,CORRECT}	267c8d8e-5ba7-5765-beff-fd7bd66052d6	10
576	2020-06-25 09:03:05.563748	{"e,i,go","e,i,go","e,i,go"}	{CORRECT,CORRECT,CORRECT}	267c8d8e-5ba7-5765-beff-fd7bd66052d6	11
577	2020-06-25 09:03:05.563748	{"ka,ge","ka,ge","ka,ge"}	{CORRECT,CORRECT,CORRECT}	267c8d8e-5ba7-5765-beff-fd7bd66052d6	12
578	2020-06-25 09:03:05.563748	{"ka,gu","ka,gu","ka,gu"}	{CORRECT,CORRECT,CORRECT}	267c8d8e-5ba7-5765-beff-fd7bd66052d6	13
579	2020-06-25 09:04:02.322464	{"o,so,i","o,so,i","o,so,i"}	{CORRECT,CORRECT,CORRECT}	267c8d8e-5ba7-5765-beff-fd7bd66052d6	14
580	2020-06-25 09:04:02.322464	{"sa,ke","sa,ke","sa,ke"}	{CORRECT,CORRECT,CORRECT}	267c8d8e-5ba7-5765-beff-fd7bd66052d6	15
581	2020-06-25 09:04:02.322464	{"su,shi","su,shi","su,shi"}	{CORRECT,CORRECT,CORRECT}	267c8d8e-5ba7-5765-beff-fd7bd66052d6	16
582	2020-06-25 09:04:02.322464	{"ga,ku,se,i","ga,ku,se,i","ga,ku,se,i"}	{CORRECT,CORRECT,CORRECT}	267c8d8e-5ba7-5765-beff-fd7bd66052d6	17
583	2020-06-25 09:04:02.322464	{"su,go,i","su,go,i","su,go,i"}	{CORRECT,CORRECT,CORRECT}	267c8d8e-5ba7-5765-beff-fd7bd66052d6	18
584	2020-06-25 09:05:01.870588	{"ka,ze","ka,ze","ka,ze"}	{CORRECT,CORRECT,CORRECT}	267c8d8e-5ba7-5765-beff-fd7bd66052d6	19
585	2020-06-25 09:05:01.870588	{"zo,u","zo,u","zo,u"}	{CORRECT,CORRECT,CORRECT}	267c8d8e-5ba7-5765-beff-fd7bd66052d6	20
586	2020-06-25 09:05:01.870588	{"za,s,shi","za,s,shi","za,s,shi"}	{CORRECT,CORRECT,CORRECT}	267c8d8e-5ba7-5765-beff-fd7bd66052d6	21
587	2020-06-25 09:05:01.870588	{"shi,zu,ka","shi,zu,ka","shi,zu,ka"}	{CORRECT,CORRECT,CORRECT}	267c8d8e-5ba7-5765-beff-fd7bd66052d6	22
588	2020-06-25 09:05:01.870588	{"a,ji","a,ji","a,ji"}	{CORRECT,CORRECT,CORRECT}	267c8d8e-5ba7-5765-beff-fd7bd66052d6	23
589	2020-06-25 09:06:25.196603	{"tsu,gi","tsu,gi","tsu,gi"}	{CORRECT,CORRECT,CORRECT}	267c8d8e-5ba7-5765-beff-fd7bd66052d6	26
590	2020-06-25 09:06:25.196603	{"to,shi","to,shi","to,shi"}	{CORRECT,CORRECT,CORRECT}	267c8d8e-5ba7-5765-beff-fd7bd66052d6	27
591	2020-06-25 09:06:25.196603	{"chi,i,sa,i","chi,i,sa,i","chi,i,sa,i"}	{CORRECT,CORRECT,CORRECT}	267c8d8e-5ba7-5765-beff-fd7bd66052d6	25
592	2020-06-25 09:06:25.196603	{te,te,te}	{CORRECT,CORRECT,CORRECT}	267c8d8e-5ba7-5765-beff-fd7bd66052d6	28
593	2020-06-25 09:06:25.196603	{"ta,ka,i","ta,ka,i","ta,ka,i"}	{CORRECT,CORRECT,CORRECT}	267c8d8e-5ba7-5765-beff-fd7bd66052d6	24
594	2020-06-25 09:07:23.506213	{"da,i,ga,ku","da,i,ga,ku","da,i,ga,ku"}	{CORRECT,CORRECT,CORRECT}	267c8d8e-5ba7-5765-beff-fd7bd66052d6	29
595	2020-06-25 09:07:23.506213	{"de,su","de,su","de,su"}	{CORRECT,CORRECT,CORRECT}	267c8d8e-5ba7-5765-beff-fd7bd66052d6	30
596	2020-06-25 09:07:23.506213	{"do,u,shi,te","do,u,shi,te"}	{CORRECT,CORRECT}	267c8d8e-5ba7-5765-beff-fd7bd66052d6	31
597	2020-06-25 09:09:50.492717	{"i,nu","i,nu","i,nu"}	{CORRECT,CORRECT,CORRECT}	267c8d8e-5ba7-5765-beff-fd7bd66052d6	32
598	2020-06-25 09:09:50.492717	{"ki,no,u","ki,no,u","ki,no,u"}	{CORRECT,CORRECT,CORRECT}	267c8d8e-5ba7-5765-beff-fd7bd66052d6	34
599	2020-06-25 09:09:50.492717	{"na,ni","na,ni","na,ni"}	{CORRECT,CORRECT,CORRECT}	267c8d8e-5ba7-5765-beff-fd7bd66052d6	35
600	2020-06-25 09:09:50.492717	{"ne,ko","ne,ko","ne,ko"}	{CORRECT,CORRECT,CORRECT}	267c8d8e-5ba7-5765-beff-fd7bd66052d6	33
601	2020-06-25 09:11:24.052739	{"o,n,se,n","o,n,se,n","o,n,se,n"}	{CORRECT,CORRECT,CORRECT}	267c8d8e-5ba7-5765-beff-fd7bd66052d6	36
602	2020-06-25 09:11:24.052739	{"ge,n,ki","ge,n,ki","ge,n,ki"}	{CORRECT,CORRECT,CORRECT}	267c8d8e-5ba7-5765-beff-fd7bd66052d6	37
603	2020-06-25 09:11:24.052739	{"ga,i,ko,ku,ji,n","ga,i,ko,ku,ji,n"}	{CORRECT,CORRECT}	267c8d8e-5ba7-5765-beff-fd7bd66052d6	38
604	2020-06-25 09:12:17.881725	{"hi,to","hi,to","hi,to"}	{CORRECT,CORRECT,CORRECT}	267c8d8e-5ba7-5765-beff-fd7bd66052d6	39
605	2020-06-25 09:12:17.881725	{"ha,i","ha,i","ha,i"}	{CORRECT,CORRECT,CORRECT}	267c8d8e-5ba7-5765-beff-fd7bd66052d6	40
606	2020-06-25 09:12:17.881725	{"to,u,fu","to,u,fu","to,u,fu"}	{CORRECT,CORRECT,CORRECT}	267c8d8e-5ba7-5765-beff-fd7bd66052d6	41
607	2020-06-25 09:12:17.881725	{"he,n","he,n","he,n"}	{CORRECT,CORRECT,CORRECT}	267c8d8e-5ba7-5765-beff-fd7bd66052d6	42
608	2020-06-25 09:12:17.881725	{"ni,ho,n","ni,ho,n","ni,ho,n"}	{CORRECT,CORRECT,CORRECT}	267c8d8e-5ba7-5765-beff-fd7bd66052d6	43
609	2020-06-25 09:15:23.261746	{"ba,ka","ba,ka","ba,ka"}	{CORRECT,CORRECT,CORRECT}	267c8d8e-5ba7-5765-beff-fd7bd66052d6	44
610	2020-06-25 09:15:23.261746	{"bo,ku","bo,ku","bo,ku"}	{CORRECT,CORRECT,CORRECT}	267c8d8e-5ba7-5765-beff-fd7bd66052d6	45
611	2020-06-25 09:15:23.261746	{"hi,to,bi,to","hi,to,bi,to","hi,to,bi,to"}	{CORRECT,CORRECT,CORRECT}	267c8d8e-5ba7-5765-beff-fd7bd66052d6	46
612	2020-06-25 09:15:23.261746	{"a,bu,na,i","a,bu,na,i","a,bu,na,i"}	{CORRECT,CORRECT,CORRECT}	267c8d8e-5ba7-5765-beff-fd7bd66052d6	47
613	2020-06-25 09:15:23.261746	{"o,be,n,to,u","o,be,n,to,u","o,be,n,to,u"}	{CORRECT,CORRECT,CORRECT}	267c8d8e-5ba7-5765-beff-fd7bd66052d6	48
614	2020-06-25 09:16:21.912479	{"u,ma,i","u,ma,i","u,ma,i"}	{CORRECT,CORRECT,CORRECT}	267c8d8e-5ba7-5765-beff-fd7bd66052d6	49
615	2020-06-25 09:16:21.912479	{"su,mi,ma,se,n","su,mi,ma,se,n","su,mi,ma,se,n"}	{CORRECT,CORRECT,CORRECT}	267c8d8e-5ba7-5765-beff-fd7bd66052d6	50
616	2020-06-25 09:16:21.912479	{"o,su,su,me","o,su,su,me","o,su,su,me"}	{CORRECT,CORRECT,CORRECT}	267c8d8e-5ba7-5765-beff-fd7bd66052d6	51
617	2020-06-25 09:16:21.912479	{"sa,mu,i","sa,mu,i","sa,mu,i"}	{CORRECT,CORRECT,CORRECT}	267c8d8e-5ba7-5765-beff-fd7bd66052d6	52
618	2020-06-25 09:16:21.912479	{"mo,no","mo,no","mo,no"}	{CORRECT,CORRECT,CORRECT}	267c8d8e-5ba7-5765-beff-fd7bd66052d6	53
619	2020-06-25 09:17:03.322651	{"wa,ta,shi","wa,ta,shi","wa,ta,shi"}	{CORRECT,CORRECT,CORRECT}	267c8d8e-5ba7-5765-beff-fd7bd66052d6	54
620	2020-06-25 09:17:03.322651	{"ka,wa,i,i","ka,wa,i,i","ka,wa,i,i"}	{CORRECT,CORRECT,CORRECT}	267c8d8e-5ba7-5765-beff-fd7bd66052d6	55
621	2020-06-25 09:17:03.322651	{wo,wo}	{CORRECT,CORRECT}	267c8d8e-5ba7-5765-beff-fd7bd66052d6	73
791	2020-08-16 23:58:50.676517	{"ko,,hi,","ko,,hi,","ko,,hi,"}	{CORRECT,CORRECT,CORRECT}	267c8d8e-5ba7-5765-beff-fd7bd66052d6	90
792	2020-08-16 23:58:50.676517	{"bi,,ru","bi,,ru","bi,,ru"}	{CORRECT,CORRECT,CORRECT}	267c8d8e-5ba7-5765-beff-fd7bd66052d6	91
624	2020-06-30 07:37:15.041385	{"i,i,o"}	{INCORRECT}	76aaa9f3-f4d6-5f7e-85f4-ef9915d93bd3	3
625	2020-06-30 07:37:15.041385	{"u,o"}	{INCORRECT}	76aaa9f3-f4d6-5f7e-85f4-ef9915d93bd3	4
793	2020-08-16 23:58:50.676517	{"bi,ru","bi,ru","bi,ru"}	{CORRECT,CORRECT,CORRECT}	267c8d8e-5ba7-5765-beff-fd7bd66052d6	92
794	2020-08-16 23:58:50.676517	{"se,,ru","se,,ru"}	{CORRECT,CORRECT}	267c8d8e-5ba7-5765-beff-fd7bd66052d6	93
628	2020-06-30 07:41:06.585851	{"i,i,e"}	{CORRECT}	76aaa9f3-f4d6-5f7e-85f4-ef9915d93bd3	3
629	2020-06-30 07:41:06.585851	{"u,e"}	{CORRECT}	76aaa9f3-f4d6-5f7e-85f4-ef9915d93bd3	4
632	2020-06-30 07:41:09.177435	{"i,i,e"}	{CORRECT}	76aaa9f3-f4d6-5f7e-85f4-ef9915d93bd3	3
633	2020-06-30 07:41:09.177435	{"u,e"}	{CORRECT}	76aaa9f3-f4d6-5f7e-85f4-ef9915d93bd3	4
636	2020-06-30 07:41:11.50631	{"i,i,e"}	{CORRECT}	76aaa9f3-f4d6-5f7e-85f4-ef9915d93bd3	3
637	2020-06-30 07:41:11.50631	{"u,e"}	{CORRECT}	76aaa9f3-f4d6-5f7e-85f4-ef9915d93bd3	4
640	2020-06-30 07:41:11.741833	{"i,i,e"}	{CORRECT}	76aaa9f3-f4d6-5f7e-85f4-ef9915d93bd3	3
641	2020-06-30 07:41:11.741833	{"u,e"}	{CORRECT}	76aaa9f3-f4d6-5f7e-85f4-ef9915d93bd3	4
644	2020-06-30 07:41:11.964701	{"i,i,e"}	{CORRECT}	76aaa9f3-f4d6-5f7e-85f4-ef9915d93bd3	3
645	2020-06-30 07:41:11.964701	{"u,e"}	{CORRECT}	76aaa9f3-f4d6-5f7e-85f4-ef9915d93bd3	4
795	2020-08-18 04:51:47.827199	{"ka,ze","ka,ze","ka,ze"}	{CORRECT,CORRECT,CORRECT}	4b8685eb-af41-538e-81a8-7127823df22b	19
796	2020-08-18 04:51:47.827199	{"zo,u","zo,u","zo,u"}	{CORRECT,CORRECT,CORRECT}	4b8685eb-af41-538e-81a8-7127823df22b	20
648	2020-06-30 07:41:12.206004	{"i,i,e"}	{CORRECT}	76aaa9f3-f4d6-5f7e-85f4-ef9915d93bd3	3
649	2020-06-30 07:41:12.206004	{"u,e"}	{CORRECT}	76aaa9f3-f4d6-5f7e-85f4-ef9915d93bd3	4
797	2020-08-18 04:51:47.827199	{"za,a,shi","za,s,shi","za,s,shi","za,s,shi"}	{INCORRECT,CORRECT,CORRECT,CORRECT}	4b8685eb-af41-538e-81a8-7127823df22b	21
652	2020-06-30 07:41:12.875973	{"i,i,e"}	{CORRECT}	76aaa9f3-f4d6-5f7e-85f4-ef9915d93bd3	3
653	2020-06-30 07:41:12.875973	{"u,e"}	{CORRECT}	76aaa9f3-f4d6-5f7e-85f4-ef9915d93bd3	4
654	2020-06-30 07:49:08.256036	{"k,a"}	{INCORRECT}	76aaa9f3-f4d6-5f7e-85f4-ef9915d93bd3	5
655	2020-06-30 07:49:08.256036	{"e,ki"}	{CORRECT}	76aaa9f3-f4d6-5f7e-85f4-ef9915d93bd3	6
656	2020-06-30 07:49:08.256036	{"ku,u,ko,u"}	{CORRECT}	76aaa9f3-f4d6-5f7e-85f4-ef9915d93bd3	7
657	2020-06-30 07:49:08.256036	{"ke,i,ka,ku"}	{CORRECT}	76aaa9f3-f4d6-5f7e-85f4-ef9915d93bd3	8
658	2020-06-30 08:01:09.517248	{"ka,gi"}	{CORRECT}	76aaa9f3-f4d6-5f7e-85f4-ef9915d93bd3	10
659	2020-06-30 08:01:09.517248	{"e,i,go"}	{CORRECT}	76aaa9f3-f4d6-5f7e-85f4-ef9915d93bd3	11
660	2020-06-30 08:01:09.517248	{"ka,ge"}	{CORRECT}	76aaa9f3-f4d6-5f7e-85f4-ef9915d93bd3	12
661	2020-06-30 08:01:09.517248	{"ka,gu"}	{CORRECT}	76aaa9f3-f4d6-5f7e-85f4-ef9915d93bd3	13
662	2020-06-30 08:01:09.517248	{"e,i,ga"}	{CORRECT}	76aaa9f3-f4d6-5f7e-85f4-ef9915d93bd3	9
663	2020-07-04 04:29:06.302009	{"he,ya","he,ya","he,ya"}	{CORRECT,CORRECT,CORRECT}	267c8d8e-5ba7-5765-beff-fd7bd66052d6	56
664	2020-07-04 04:29:06.302009	{"yu,u,me,i","yu,u,me,i","yu,u,me,i"}	{CORRECT,CORRECT,CORRECT}	267c8d8e-5ba7-5765-beff-fd7bd66052d6	57
665	2020-07-04 04:29:06.302009	{"tsu,yo,i","tsu,yo,i"}	{CORRECT,CORRECT}	267c8d8e-5ba7-5765-beff-fd7bd66052d6	58
666	2020-07-04 06:05:53.998278	{"o,so,i","o,so,i","o,so,i"}	{CORRECT,CORRECT,CORRECT}	76aaa9f3-f4d6-5f7e-85f4-ef9915d93bd3	14
667	2020-07-04 06:05:53.998278	{"sa,ke","sa,ke","sa,ke"}	{CORRECT,CORRECT,CORRECT}	76aaa9f3-f4d6-5f7e-85f4-ef9915d93bd3	15
668	2020-07-04 06:05:53.998278	{"su,shi","su,shi","su,shi"}	{CORRECT,CORRECT,CORRECT}	76aaa9f3-f4d6-5f7e-85f4-ef9915d93bd3	16
669	2020-07-04 06:05:53.998278	{"su,go,i","su,go,i"}	{CORRECT,CORRECT}	76aaa9f3-f4d6-5f7e-85f4-ef9915d93bd3	18
670	2020-07-04 06:05:53.998278	{"ga,ku,se,i","ga,ku,se,i","ga,ku,se,i"}	{CORRECT,CORRECT,CORRECT}	76aaa9f3-f4d6-5f7e-85f4-ef9915d93bd3	17
671	2020-07-04 06:17:01.311174	{"ka,ze","ka,ze","ka,ze"}	{CORRECT,CORRECT,CORRECT}	76aaa9f3-f4d6-5f7e-85f4-ef9915d93bd3	19
672	2020-07-04 06:17:01.311174	{"zo,u","zo,u","zo,u"}	{CORRECT,CORRECT,CORRECT}	76aaa9f3-f4d6-5f7e-85f4-ef9915d93bd3	20
673	2020-07-04 06:17:01.311174	{"za,s,shi","za,s,shi","za,s,shi"}	{CORRECT,CORRECT,CORRECT}	76aaa9f3-f4d6-5f7e-85f4-ef9915d93bd3	21
674	2020-07-04 06:17:01.311174	{"a,ji","a,ji"}	{CORRECT,CORRECT}	76aaa9f3-f4d6-5f7e-85f4-ef9915d93bd3	23
675	2020-07-04 06:17:01.311174	{"shi,zu,ka","shi,zu,ka","shi,zu,ka"}	{CORRECT,CORRECT,CORRECT}	76aaa9f3-f4d6-5f7e-85f4-ef9915d93bd3	22
676	2020-07-04 06:17:01.311174	{"a,ka","a,ka"}	{CORRECT,CORRECT}	76aaa9f3-f4d6-5f7e-85f4-ef9915d93bd3	5
677	2020-07-04 06:41:21.230646	{"ta,ka,i","ta,ka,i","ta,ka,i"}	{CORRECT,CORRECT,CORRECT}	76aaa9f3-f4d6-5f7e-85f4-ef9915d93bd3	24
678	2020-07-04 06:41:21.230646	{"chi,i,sa,i","chi,i,sa,i","chi,i,sa,i"}	{CORRECT,CORRECT,CORRECT}	76aaa9f3-f4d6-5f7e-85f4-ef9915d93bd3	25
679	2020-07-04 06:41:21.230646	{"tsu,gi","tsu,gi","tsu,gi"}	{CORRECT,CORRECT,CORRECT}	76aaa9f3-f4d6-5f7e-85f4-ef9915d93bd3	26
680	2020-07-04 06:41:21.230646	{"to,shi","to,shi","to,shi"}	{CORRECT,CORRECT,CORRECT}	76aaa9f3-f4d6-5f7e-85f4-ef9915d93bd3	27
681	2020-07-04 06:41:21.230646	{te,te,te}	{CORRECT,CORRECT,CORRECT}	76aaa9f3-f4d6-5f7e-85f4-ef9915d93bd3	28
682	2020-07-04 07:10:27.894555	{"da,i,ga,ku","da,i,ga,ku","da,i,ga,ku"}	{CORRECT,CORRECT,CORRECT}	76aaa9f3-f4d6-5f7e-85f4-ef9915d93bd3	29
683	2020-07-04 07:10:27.894555	{"de,su","de,su","de,su"}	{CORRECT,CORRECT,CORRECT}	76aaa9f3-f4d6-5f7e-85f4-ef9915d93bd3	30
684	2020-07-04 07:10:27.894555	{"do,u,shi,te","do,u,shi,te"}	{CORRECT,CORRECT}	76aaa9f3-f4d6-5f7e-85f4-ef9915d93bd3	31
685	2020-07-04 07:10:27.894555	{"a,ka","a,ka"}	{CORRECT,CORRECT}	76aaa9f3-f4d6-5f7e-85f4-ef9915d93bd3	5
686	2020-07-04 07:29:05.669917	{"i,nu","i,nu","i,nu"}	{CORRECT,CORRECT,CORRECT}	76aaa9f3-f4d6-5f7e-85f4-ef9915d93bd3	32
687	2020-07-04 07:29:05.669917	{"ne,ko","ne,ko","ne,ko"}	{CORRECT,CORRECT,CORRECT}	76aaa9f3-f4d6-5f7e-85f4-ef9915d93bd3	33
688	2020-07-04 07:29:05.669917	{"ki,no,u","ki,no,u","ki,no,u"}	{CORRECT,CORRECT,CORRECT}	76aaa9f3-f4d6-5f7e-85f4-ef9915d93bd3	34
689	2020-07-04 07:29:05.669917	{"na,ni","na,ni"}	{CORRECT,CORRECT}	76aaa9f3-f4d6-5f7e-85f4-ef9915d93bd3	35
690	2020-07-04 07:29:05.669917	{"a,ka","a,ka"}	{CORRECT,CORRECT}	76aaa9f3-f4d6-5f7e-85f4-ef9915d93bd3	5
798	2020-08-18 04:51:47.827199	{"a,ji","a,ji","a,ji"}	{CORRECT,CORRECT,CORRECT}	4b8685eb-af41-538e-81a8-7127823df22b	23
799	2020-08-18 04:51:47.827199	{"shi,zu,ka","shi,zu,ka","shu,zu,ka","shi,zu,ka"}	{CORRECT,CORRECT,INCORRECT,CORRECT}	4b8685eb-af41-538e-81a8-7127823df22b	22
703	2020-07-13 00:02:50.359541	{"da,i,jo,u,bu"}	{CORRECT}	267c8d8e-5ba7-5765-beff-fd7bd66052d6	76
704	2020-07-13 00:02:50.359541	{"ni,ho,n,ji,n"}	{CORRECT}	267c8d8e-5ba7-5765-beff-fd7bd66052d6	77
707	2020-07-20 14:59:24.078711	{"u,e","u,e"}	{CORRECT,CORRECT}	e758a541-973b-5922-8090-339365f29818	4
708	2020-07-20 14:59:24.078711	{"i,i,e","i,i,e","i,i,e"}	{CORRECT,CORRECT,CORRECT}	e758a541-973b-5922-8090-339365f29818	3
711	2020-07-27 04:28:46.714071	{"i,i,e","i,e,e","i,i,e"}	{CORRECT,INCORRECT,CORRECT}	0a893a59-2311-5c65-a908-c41a9b43aea7	3
712	2020-07-27 04:28:46.714071	{"u,e","u,e","u,e"}	{CORRECT,CORRECT,CORRECT}	0a893a59-2311-5c65-a908-c41a9b43aea7	4
713	2020-07-27 04:50:59.866888	{"i,i,e","i,i,e"}	{CORRECT,CORRECT}	0a893a59-2311-5c65-a908-c41a9b43aea7	3
714	2020-07-27 04:50:59.866888	{"a,ka","a,ka","a,ka"}	{CORRECT,CORRECT,CORRECT}	0a893a59-2311-5c65-a908-c41a9b43aea7	5
715	2020-07-27 04:50:59.866888	{"e,ki","e,ki","e,ki"}	{CORRECT,CORRECT,CORRECT}	0a893a59-2311-5c65-a908-c41a9b43aea7	6
716	2020-07-27 04:50:59.866888	{"ku,u,ko,u","ku,u,ku,u","ku,u,ko,u","ku,u,ko,u"}	{CORRECT,INCORRECT,CORRECT,CORRECT}	0a893a59-2311-5c65-a908-c41a9b43aea7	7
717	2020-07-27 04:50:59.866888	{"ke,i,ka,ku","ke,i,ke,ka","ke,i,ka,ko","ke,i,ka,ku"}	{CORRECT,INCORRECT,INCORRECT,CORRECT}	0a893a59-2311-5c65-a908-c41a9b43aea7	8
719	2020-08-01 23:44:28.96574	{"i,i,e","i,i,e","i,i,e"}	{CORRECT,CORRECT,CORRECT}	4b8685eb-af41-538e-81a8-7127823df22b	3
720	2020-08-01 23:44:28.96574	{"u,o","u,o","u,e"}	{INCORRECT,INCORRECT,CORRECT}	4b8685eb-af41-538e-81a8-7127823df22b	4
723	2020-08-01 23:52:57.039994	{"u,e","u,e"}	{CORRECT,CORRECT}	4b8685eb-af41-538e-81a8-7127823df22b	4
724	2020-08-01 23:52:57.039994	{"a,ka","a,ka","a,ka"}	{CORRECT,CORRECT,CORRECT}	4b8685eb-af41-538e-81a8-7127823df22b	5
725	2020-08-01 23:52:57.039994	{"e,ki","e,ki","e,ki"}	{CORRECT,CORRECT,CORRECT}	4b8685eb-af41-538e-81a8-7127823df22b	6
726	2020-08-01 23:52:57.039994	{"ke,i,ka,ku","ke,i,ka,ku"}	{CORRECT,CORRECT}	4b8685eb-af41-538e-81a8-7127823df22b	8
727	2020-08-01 23:52:57.039994	{"ku,u,ko,u","ku,u,ko,u","ku,u,ko,u"}	{CORRECT,CORRECT,CORRECT}	4b8685eb-af41-538e-81a8-7127823df22b	7
728	2020-08-02 00:06:05.494903	{"ka,gi","ka,gi","ka,gi"}	{CORRECT,CORRECT,CORRECT}	4b8685eb-af41-538e-81a8-7127823df22b	10
729	2020-08-02 00:06:05.494903	{"e,i,go","e,i,go","e,i,go"}	{CORRECT,CORRECT,CORRECT}	4b8685eb-af41-538e-81a8-7127823df22b	11
730	2020-08-02 00:06:05.494903	{"e,i,ga"}	{CORRECT}	4b8685eb-af41-538e-81a8-7127823df22b	9
731	2020-08-02 00:06:05.494903	{"ka,ge","ka,ge","ka,ge"}	{CORRECT,CORRECT,CORRECT}	4b8685eb-af41-538e-81a8-7127823df22b	12
733	2020-08-02 00:06:05.494903	{"ka,gu","ka,gu","ka,gu"}	{CORRECT,CORRECT,CORRECT}	4b8685eb-af41-538e-81a8-7127823df22b	13
734	2020-08-02 00:06:05.494903	{"u,e","u,e"}	{CORRECT,CORRECT}	4b8685eb-af41-538e-81a8-7127823df22b	4
735	2020-08-03 09:42:59.252683	{"sa,ke","sa,ke","sa,ke"}	{CORRECT,CORRECT,CORRECT}	4b8685eb-af41-538e-81a8-7127823df22b	15
736	2020-08-03 09:42:59.252683	{"o,so,i","o,so,i","a,so,i","o,so,i"}	{CORRECT,CORRECT,INCORRECT,CORRECT}	4b8685eb-af41-538e-81a8-7127823df22b	14
737	2020-08-03 09:42:59.252683	{"su,shi","su,shi","su,shi"}	{CORRECT,CORRECT,CORRECT}	4b8685eb-af41-538e-81a8-7127823df22b	16
738	2020-08-03 09:42:59.252683	{"ga,ku,se,i","ga,ku,se,i","ga,ku,se,i"}	{CORRECT,CORRECT,CORRECT}	4b8685eb-af41-538e-81a8-7127823df22b	17
739	2020-08-03 09:42:59.252683	{"su,go,i","su,go,i","su,go,i"}	{CORRECT,CORRECT,CORRECT}	4b8685eb-af41-538e-81a8-7127823df22b	18
740	2020-08-03 09:42:59.252683	{"su,u","u,e","u,e"}	{INCORRECT,CORRECT,CORRECT}	4b8685eb-af41-538e-81a8-7127823df22b	4
741	2020-08-03 09:54:39.66663	{"o,so,i","o,so,i"}	{CORRECT,CORRECT}	4b8685eb-af41-538e-81a8-7127823df22b	14
742	2020-08-03 09:54:39.66663	{"ka,ze","ka,ze","ka,ze"}	{CORRECT,CORRECT,CORRECT}	4b8685eb-af41-538e-81a8-7127823df22b	19
743	2020-08-03 09:54:39.66663	{"zo,u","zo,u","zo,u"}	{CORRECT,CORRECT,CORRECT}	4b8685eb-af41-538e-81a8-7127823df22b	20
744	2020-08-03 09:54:39.66663	{"shi,zu,ka","shi,zu,ka","shi,zu,ka"}	{CORRECT,CORRECT,CORRECT}	4b8685eb-af41-538e-81a8-7127823df22b	22
745	2020-08-03 09:54:39.66663	{"u,e","u,e"}	{CORRECT,CORRECT}	4b8685eb-af41-538e-81a8-7127823df22b	4
746	2020-08-03 09:54:39.66663	{"a,ji","a,ji","a,ji"}	{CORRECT,CORRECT,CORRECT}	4b8685eb-af41-538e-81a8-7127823df22b	23
747	2020-08-03 09:54:39.66663	{"za,u,shi","za,s,shi","za,s,shi","za,s,shi"}	{INCORRECT,CORRECT,CORRECT,CORRECT}	4b8685eb-af41-538e-81a8-7127823df22b	21
748	2020-08-03 10:38:11.911838	{"o,e","i,e","ia,a","a,e","a,e","i,e","i,e"}	{INCORRECT,CORRECT,INCORRECT,INCORRECT,INCORRECT,CORRECT,CORRECT}	0a893a59-2311-5c65-a908-c41a9b43aea7	1
749	2020-08-03 10:38:11.911838	{"a,e","a,o","a,e","a,ka","a,o","a,o"}	{INCORRECT,CORRECT,INCORRECT,INCORRECT,CORRECT,CORRECT}	0a893a59-2311-5c65-a908-c41a9b43aea7	2
750	2020-08-03 10:38:11.911838	{"i,i,e","i,i,e","i,i,e"}	{CORRECT,CORRECT,CORRECT}	0a893a59-2311-5c65-a908-c41a9b43aea7	3
751	2020-08-03 10:38:11.911838	{"u,e","u,e","u,e"}	{CORRECT,CORRECT,CORRECT}	0a893a59-2311-5c65-a908-c41a9b43aea7	4
752	2020-08-13 09:57:56.798938	{"sha,shi,n","sha,shi,n","sha,shi,n"}	{CORRECT,CORRECT,CORRECT}	267c8d8e-5ba7-5765-beff-fd7bd66052d6	59
753	2020-08-13 09:57:56.798938	{"kyo,u","kyo,u","kyo,u"}	{CORRECT,CORRECT,CORRECT}	267c8d8e-5ba7-5765-beff-fd7bd66052d6	60
754	2020-08-13 09:57:56.798938	{"shu,u","shu,u","shu,u"}	{CORRECT,CORRECT,CORRECT}	267c8d8e-5ba7-5765-beff-fd7bd66052d6	61
755	2020-08-13 09:57:56.798938	{"cho,t,to"}	{CORRECT}	267c8d8e-5ba7-5765-beff-fd7bd66052d6	62
756	2020-08-13 09:59:38.420481	{"na,ru,ho,do","na,ru,ho,do","na,ru,ho,do"}	{CORRECT,CORRECT,CORRECT}	267c8d8e-5ba7-5765-beff-fd7bd66052d6	63
757	2020-08-13 09:59:38.420481	{"ya,wa,ra,ka,i","ya,wa,ra,ka,i","ya,wa,ra,ka,i"}	{CORRECT,CORRECT,CORRECT}	267c8d8e-5ba7-5765-beff-fd7bd66052d6	64
758	2020-08-13 09:59:38.420481	{"ki,re,i","ki,re,i","ki,re,i"}	{CORRECT,CORRECT,CORRECT}	267c8d8e-5ba7-5765-beff-fd7bd66052d6	65
759	2020-08-13 09:59:38.420481	{"ma,gu,ro","ma,gu,ro","ma,gu,ro"}	{CORRECT,CORRECT,CORRECT}	267c8d8e-5ba7-5765-beff-fd7bd66052d6	66
760	2020-08-13 09:59:38.420481	{"a,ri,ga,to,u","a,ri,ga,to,u"}	{CORRECT,CORRECT}	267c8d8e-5ba7-5765-beff-fd7bd66052d6	67
771	2020-08-13 10:11:30.932915	{"pa,chi,n,ko","pa,chi,n,ko","pa,chi,n,ko"}	{CORRECT,CORRECT,CORRECT}	267c8d8e-5ba7-5765-beff-fd7bd66052d6	68
772	2020-08-13 10:11:30.932915	{"e,n,pi,tsu","e,n,pi,tsu","e,n,pi,tsu"}	{CORRECT,CORRECT,CORRECT}	267c8d8e-5ba7-5765-beff-fd7bd66052d6	69
773	2020-08-13 10:11:30.932915	{"ki,p,pu","ki,p,pu","ki,p,pu"}	{CORRECT,CORRECT,CORRECT}	267c8d8e-5ba7-5765-beff-fd7bd66052d6	70
774	2020-08-13 10:11:30.932915	{"pe,n","pe,n","pe,n"}	{CORRECT,CORRECT,CORRECT}	267c8d8e-5ba7-5765-beff-fd7bd66052d6	71
775	2020-08-13 10:11:30.932915	{"sa,n,po","sa,n,po","sa,n,po"}	{CORRECT,CORRECT,CORRECT}	267c8d8e-5ba7-5765-beff-fd7bd66052d6	72
\.


--
-- Data for Name: words; Type: TABLE DATA; Schema: public; Owner: hugokawamata
--

COPY public.words (id, japanese, hiragana, english, introduction, emoji, image, set_lesson_id) FROM stdin;
5			Red	This word means "red". The new hiragana character is "ka".		\N	HIRAGANA_KA
29			University, college	This word is university. I'm sure you've got the hang of tentens by now.		\N	HIRAGANA_DA
36			Onsen, Japanese hot spring	This word doesn't really have an English translation. The closest is "hot spring".		\N	HIRAGANA_N
26			Next	This word means "next". It's on some of the buttons in this very app!		\N	HIRAGANA_TA
25			Small	This means "small". Remember, this new letter is an exception - it's "chi", not ti.		\N	HIRAGANA_TA
31			Why?	This word means "why?". Just like in English, you put it at the start of a sentence to make it a question.		\N	HIRAGANA_DA
2			Blue	This word means "blue". The first letter is "a" and the second letter is "o".		\N	HIRAGANA_A
3			No	This word means "no". It's very similar to "house" isn't it? The only difference is you say "ii" for longer.		\N	HIRAGANA_A
4			Up	This word means "up". The first letter is "u". You should already know the second letter!		\N	HIRAGANA_A
12			Shadow	This means "shadow". You might already know this word if you're a fan of Naruto.		\N	HIRAGANA_GA
6			Train station	This word means "train station". The new letter is "ki".		\N	HIRAGANA_KA
7			Airport	This word means "airport".  is read as "ku" and  is read as "ko".		\N	HIRAGANA_KA
8			Plan	This word means "plan" or "scheme".  is read as "ke". Just according to keikaku!		\N	HIRAGANA_KA
35			What?	This word is "what". If you like anime, you probably hear this a lot. "NANI?!"		\N	HIRAGANA_NA
10			Key	This is "key". Some homework: Try to say it in your head whenever you pick up your own keys!		\N	HIRAGANA_GA
11			English (language)	This word means "English", as in the language. You'll probably use it a lot in conversation.		\N	HIRAGANA_GA
9			Movie	This word means "movie".		\N	HIRAGANA_GA
13			Furniture	This word means "furniture". Another good one to say in your head whenever you use furniture!		\N	HIRAGANA_GA
14			Slow, late	This word means "slow" or "late".  is pronounced as "so".		\N	HIRAGANA_SA
15			Sake	This word is so common it's almost English! In Japanese, "sake" can mean rice wine, or just alcohol in general. It's "sah-keh" not "saa-kee"!		\N	HIRAGANA_SA
16			Sushi	You know this word already too! Remember to follow Japanese pronunciation: "su-shi" not "soo-shi".		\N	HIRAGANA_SA
17			School student	This is "school student". The new letter is "se".		\N	HIRAGANA_SA
37			Lively, well	This word can mean "good/well" as in "How are you" = " ". It can also mean "lively", like you might describe a festival.		\N	HIRAGANA_N
20			Elephant	This word means "elephant".		\N	HIRAGANA_ZA
21			Magazine	This is "magazine". Remember, the little  makes a longer consonant sound for the character that follows it.		\N	HIRAGANA_ZA
22			Quiet	This means "quiet". You might see this on signs in Japanese accomodation.		\N	HIRAGANA_ZA
23			Flavour	This means flavour, you see it on Japanese snacks a lot. Remember,  is different. Instead of becoming "zi", it becomes "ji".		\N	HIRAGANA_ZA
27			Year	This is "year". You'll see its kanji quite often in dates: . The first letter is .		\N	HIRAGANA_TA
19			Cold, flu	This word means "cold" or "flu". Watch for the TenTen. S turns into Z.		\N	HIRAGANA_ZA
28			Hand	Some letters are words just by themselves. This is "te": "hand".		\N	HIRAGANA_TA
30			To be	Desu! Usually contracted and said "des" because it's said so often. It means "is" or "am". " " means "It is tall".		\N	HIRAGANA_DA
34			Yesterday	This is "yesterday", and the new letter is "no"		\N	HIRAGANA_NA
32			Dog	This word means "dog". It's actually snuck into English quite unnoticed. You know the Japanese breed, shiba *inu*?		\N	HIRAGANA_NA
33			Cat	This word is "cat". The first letter is "ne"		\N	HIRAGANA_NA
38			Foreign person, non-Japanese person	If you're not Japanese by blood, you might get referred to as this when you visit Japan.		\N	HIRAGANA_N
39			Person	This word means "person", and the new letter is "hi". It's not pronounced "hie"!		\N	HIRAGANA_HA
40			Yes	This word means "yes". The new letter is "".		\N	HIRAGANA_HA
41			Tofu	This is a word that's become a part of English: "Tofu". Make sure to read it with the correct pronunciation.		\N	HIRAGANA_HA
42			Strange, weird	This means "strange" or "weird". The new letter is "he".		\N	HIRAGANA_HA
44			Idiot	If you watch any anime you'll know this one. It means "idiot".		\N	HIRAGANA_BA
45			I, me (male)	This is the pronoun for "I", or "me". It's usually only used by males. You'll learn the female one soon!		\N	HIRAGANA_BA
46			People, everybody	This means "people" or "everyone". Notice how similar it is to "" (person).		\N	HIRAGANA_BA
47			Dangerous	This means "dangerous". You'll see it on Japanese signs a lot, near train stations.		\N	HIRAGANA_BA
1			House	This is "house". The first letter is "i" and the second letter is "e".		\N	HIRAGANA_A
18			Amazing	This is one of the most common words in Japanese. Sugoi! Amazing!		\N	HIRAGANA_SA
43			Japan	You might know this word already: "nihon". It's the Japanese word for "Japan".		\N	HIRAGANA_HA
48			Bento box, Japanese lunch box	This is the word for "bento box". In Japanese, it's "obent". The "O" at the start shows respect.		\N	HIRAGANA_BA
49			Delicious	The new character is "ma". This means "delicious". It's a *very* common word!		\N	HIRAGANA_MA
50			Excuse me	This means "excuse me". The new character is "mi". It's also one of the most common words!		\N	HIRAGANA_MA
51			Recommendation	The new letter is "me". It means "recommendation", and you'll see it on every menu in Japan.		\N	HIRAGANA_MA
52			Cold (weather)	This means "cold", but only for weather. There's a different word for cold items. The new letter is "mu".		\N	HIRAGANA_MA
53			Thing	This means "thing". It can be used to refer to almost any physical object. The new letter is "mo".		\N	HIRAGANA_MA
54			I, me (female)	This means "me", but the female version. Men can use it when they're being formal too.		\N	HIRAGANA_WA
55			Cute	This means "cute". If you're learning Japanese, you'll definitely have seen this word already.		\N	HIRAGANA_WA
56			Room	This is "room". The new letter is "ya". Very useful word for booking accomodation.		\N	HIRAGANA_YA
57			Famous	This word means "famous". The new letter is "yu".		\N	HIRAGANA_YA
58			Strong	This means "strong". The new letter is "yo		\N	HIRAGANA_YA
59			Photo	This is "photo": "shashin". A very useful word for asking strangers to take tourist photos of you.		\N	HIRAGANA_LYA
60			Today	This means "today" and is written "kyou".		\N	HIRAGANA_LYA
61			Week	This means "week" and is written as "shuu".		\N	HIRAGANA_LYA
62			A little bit	This means "a little bit" and is written as "chotto". (It's an extremely common word)		\N	HIRAGANA_LYA
63			I see!	This is a short phrase that means "I see!". The new letter is "ru"		\N	HIRAGANA_RA
64			Soft, tender	This means "soft" (for anything) or "tender" (for food). The new letter is "ra".		\N	HIRAGANA_RA
65			Pretty, clean	This means "pretty" or "clean". The new letter is "re".		\N	HIRAGANA_RA
66			Tuna	This is the word for "tuna", either the live fish or the raw meat. The new letter is "ro".		\N	HIRAGANA_RA
67			Thanks	This means "thanks", but you already knew that! Make sure to learn the real pronunciation.		\N	HIRAGANA_RA
68			Pachinko	This is "pachinko", the Japanese gambling game with little metal balls.		\N	HIRAGANA_PA
69			Pencil	This is the Japanese word for "pencil".		\N	HIRAGANA_PA
70			Ticket	This means "ticket". You might need to know this one if you visit theme parks and similar places.		\N	HIRAGANA_PA
71			Pen	This is the Japanese word for "pen"... it's the same as in English		\N	HIRAGANA_PA
72			A walk, stroll	This word means "a walk" or "a stroll".		\N	HIRAGANA_PA
73			-	This new character is techinically "wo", but it's usually pronounced as "o". It's a special letter that's not really used in real words.		\N	HIRAGANA_WA
76			Ok, alright	This word means "ok" or "alright"		\N	GMR_WA_DESU
77			Japanese person	You already know "" () is Japan. This word means "Japanese person".		\N	GMR_WA_DESU
24			High, expensive	This word means "tall". The new letter is "ta".		\N	HIRAGANA_TA
81			Delicious	This word means "delicious" or "tasty". It's similar to one you already know, .		\N	\N
90			Coffee	This is coffee. Japanese doesn't have a "fi" sound, so it's "ko-hi-". The dash indicates a long vowel sound.		\N	KATAKANA_1
91			Beer	This is beer: "bi-ru". Just like hiragana, katakana can get TenTens to change sound. "Hi" turns to "bi".		\N	KATAKANA_1
92			Building	This is building, but it's shortened to "biru". The only difference between this and "beer" is the long vowel dash!		\N	KATAKANA_1
78			This	This word means "this".		\N	GMR_WA_DESU_2
79			That	This word means "that". It's used for things that are close to the person you're talking to, but not close to you.		\N	GMR_WA_DESU_2
80			That (over there)	This word means "that (over there)". It's used for things that aren't close to you or the person you're talking to.		\N	GMR_WA_DESU_2
82			Difficult, hard	This word means "difficult" or "hard".		\N	GMR_MO_DESU
83			Japanese (language)	This word means "Japanese" as in the language. Notice how both  and  (English) end in . That complex kanji means "language".		\N	GMR_MO_DESU
84			Good	This word means "good", but it can also mean "fine", "ok", etc. It basically conveys positive emotion.		\N	GMR_MO_DESU
85			Salmon	This word means "salmon"		\N	GMR_MO_DESU
86			Beautiful	This means "beautiful".		\N	GMR_DESHITA
88			Yakitori	"Yakitori" is a Japanese dish, so it doesn't have a translation. They're grilled chicken skewers, and they're so good!		\N	GMR_DESHITA
89			Fun	This means "fun" or "enjoyable".		\N	GMR_DESHITA
87			Bird, chicken	This word means "bird", and sometimes more specifically, "chicken".		\N	GMR_DESHITA
93			Sale	This is sale: "se-ru". Notice how similar katakana  and hiragana  are.		\N	KATAKANA_1
94			Convenience Store	This means "convenience store", and it's been shortened to "ko n bi ni".		\N	KATAKANA_2
95			Anime	This is "anime". It was originally a loanword ("animation") but has since taken on its own meaning.		\N	KATAKANA_2
96			Ramen	This is "ra-men". Yes, ramen is a loanword. It comes from the Chinese word for wheat noodles.		\N	KATAKANA_2
97			Land	This means "land", and is common at the end of tourist place names, like "Disneyland". The new letter is "to", but it has a TenTen, so it's "do" here.		\N	KATAKANA_3
98			Tomato	This is "tomato". Luckily, it can be transcribed into Japanese exactly as "to ma to".		\N	KATAKANA_3
99			Card	"ka-do" means "card". It can mean any kind of card, just like English - credit card, transport card, trading card, etc.		\N	KATAKANA_3
100			Tonkatsu	This is "tonkatsu". It's partly a Japanese word (ton means pork) but "katsu" comes from the English "cutlet".		\N	KATAKANA_3
101			Hamburger	This is "hamburger". "" is "ha", but watch out for the second one with the TenTen.		\N	KATAKANA_4
102			Bread	This means "bread", but it's written "pan". It comes from the Portugese "po", but the French "pain" or Spanish "pan" are also similar.		\N	KATAKANA_4
103			Ball	This is "ball" - "bo-ru".		\N	KATAKANA_4
104			Highball	This is "highball", the new letter being "i". A highball is a drink generally made from whiskey and soda, popular in Japan.		\N	KATAKANA_4
105			Bus	This means "bus". The new letter is "su", so it's "basu".		\N	KATAKANA_4
106			Cheese	This means cheese: "chi-zu".		\N	KATAKANA_5
107			Best, vest	This means "best", the new letter being "he" with a TenTen. It can also mean "vest", since Japanese replaces Vs with Bs.		\N	KATAKANA_5
108			Restaurant	This is "restaurant". The first letter is "re", and you should already know the others.		\N	KATAKANA_5
109			Chicken	This is "chicken". Be careful, it's not "chi ke n", but "chi ki n". Only used to talk about western style chicken dishes.		\N	KATAKANA_5
110			Hotel	This means "hotel". The new letter is "te", in the middle.		\N	KATAKANA_6
111			Hostel	This means "hostel". It's a lot cheaper to stay in hostels than hotels in Japan.		\N	KATAKANA_6
112			Air Conditioner	This is "air-con", or "air-conditioner". Written "e a ko n".		\N	KATAKANA_6
113			Service	This is "service", written as "sa-bisu". It means service, but can also mean "on the house" or "free".		\N	KATAKANA_6
114			Salad	This is "salad". The new letter is "ta" with a TenTen.		\N	KATAKANA_6
115			Ticket	This is "ticket", written as "chi ke tto". You already know "" as ticket, but both are commonly used.		\N	KATAKANA_7
116			Karaoke	This is "karaoke". In English it's spelt the same way, but pronounced very differently. Make sure you get the pronunciation right!		\N	KATAKANA_7
117			Pokmon	"Pokmon" is hard to avoid in Japan. Like karaoke, it's spelled the same in English: "po ke mo n".		\N	KATAKANA_7
118			List	This means "list", with the new letter being "ri".		\N	KATAKANA_7
119			Mistake	This means "mistake", and comes from the shortened "miss". The new letter is "mi".		\N	KATAKANA_8
120			Virus	This is "virus". This is one of the loanwords that changed the most when it was added to Japanese. It's "u i ru su".		\N	KATAKANA_8
121			Wine	This is "wine". The pronunciation is almost the same: "wa i n".		\N	KATAKANA_8
122			Zero	Japanese usually uses the English word for "zero". The new letter is "ro".	0	\N	KATAKANA_8
123			Sheet	This means "sheet". Hopefully you can tell the difference between "shi" and "tsu" when they're next to each other.		\N	KATAKANA_9
124			Sauce	This means any type of "sauce" ("so-su"), but in Japanese, the word 'sauce' can also mean a specific type of sauce: Worcestershire sauce.		\N	KATAKANA_9
125			Free	This means "free", as in "no cost". The new katakana is "fu".		\N	KATAKANA_9
126			Option	Remember, katakana can have combo characters as well. This is "option": "o pu sho n".		\N	KATAKANA_9
127			Christmas	"Christmas" is big in Japan, despite not being a Christian nation. The new katakana is "ku", at the start of the word.		\N	KATAKANA_10
128			Juice	This means "juice". The new katakana (the little one) is "yu". Combined with "ji", it makes "ju".		\N	KATAKANA_10
129			Notebook	"no-to" is short for "notebook". That's why Death Note isn't called Death Notebook.		\N	KATAKANA_10
130			Game	This is "game". The new letter at the end is "mu".		\N	KATAKANA_10
131			Bonus	This means "bonus". The new katakana is "na".		\N	KATAKANA_11
132			Noodle	This means "noodle", but Japanese also has a native word for it as well. The katakana "nu" is quite rare.		\N	KATAKANA_11
133			Ramune	"Ramune" is a Japanese lemonade that is sealed with a marble (AKA marble soda). It comes from a corruption of the English "lemonade".		\N	KATAKANA_11
134			Shirt	This means "shirt". The new, small katakana is "ya", which combines with "shi" to make "sha". Careful of the "tsu", it's not the same as "shi"!		\N	KATAKANA_11
138			Bad at, poor, unskilled	This means "bad at", as in "unskilled" at something, like drawing or singing.		\N	GMR_NO
139			Food	This word means "food". The "Tabe" part literally means "eating", and the "mono" part means "thing".		\N	GMR_NO
140			Friend	This means "friend".		\N	GMR_NO
\.


--
-- Name: character_results_id_seq; Type: SEQUENCE SET; Schema: public; Owner: hugokawamata
--

SELECT pg_catalog.setval('public.character_results_id_seq', 1089, true);


--
-- Name: characters_id_seq; Type: SEQUENCE SET; Schema: public; Owner: hugokawamata
--

SELECT pg_catalog.setval('public.characters_id_seq', 105, true);


--
-- Name: lectures_id_seq; Type: SEQUENCE SET; Schema: public; Owner: hugokawamata
--

SELECT pg_catalog.setval('public.lectures_id_seq', 137, true);


--
-- Name: testable_results_id_seq; Type: SEQUENCE SET; Schema: public; Owner: hugokawamata
--

SELECT pg_catalog.setval('public.testable_results_id_seq', 12, true);


--
-- Name: testables_id_seq; Type: SEQUENCE SET; Schema: public; Owner: hugokawamata
--

SELECT pg_catalog.setval('public.testables_id_seq', 64, true);


--
-- Name: word_results_id_seq; Type: SEQUENCE SET; Schema: public; Owner: hugokawamata
--

SELECT pg_catalog.setval('public.word_results_id_seq', 799, true);


--
-- Name: words_id_seq; Type: SEQUENCE SET; Schema: public; Owner: hugokawamata
--

SELECT pg_catalog.setval('public.words_id_seq', 140, true);


--
-- Name: character_results character_results_pkey; Type: CONSTRAINT; Schema: public; Owner: hugokawamata
--

ALTER TABLE ONLY public.character_results
    ADD CONSTRAINT character_results_pkey PRIMARY KEY (id);


--
-- Name: characters characters_character_key; Type: CONSTRAINT; Schema: public; Owner: hugokawamata
--

ALTER TABLE ONLY public.characters
    ADD CONSTRAINT characters_character_key UNIQUE ("character");


--
-- Name: characters characters_pkey; Type: CONSTRAINT; Schema: public; Owner: hugokawamata
--

ALTER TABLE ONLY public.characters
    ADD CONSTRAINT characters_pkey PRIMARY KEY (id);


--
-- Name: courses courses_pkey; Type: CONSTRAINT; Schema: public; Owner: hugokawamata
--

ALTER TABLE ONLY public.courses
    ADD CONSTRAINT courses_pkey PRIMARY KEY (id);


--
-- Name: lectures lectures_pkey; Type: CONSTRAINT; Schema: public; Owner: hugokawamata
--

ALTER TABLE ONLY public.lectures
    ADD CONSTRAINT lectures_pkey PRIMARY KEY (id);


--
-- Name: session session_pkey; Type: CONSTRAINT; Schema: public; Owner: hugokawamata
--

ALTER TABLE ONLY public.session
    ADD CONSTRAINT session_pkey PRIMARY KEY (sid);


--
-- Name: set_lessons set_lessons_pkey; Type: CONSTRAINT; Schema: public; Owner: hugokawamata
--

ALTER TABLE ONLY public.set_lessons
    ADD CONSTRAINT set_lessons_pkey PRIMARY KEY (id);


--
-- Name: testable_results testable_results_pkey; Type: CONSTRAINT; Schema: public; Owner: hugokawamata
--

ALTER TABLE ONLY public.testable_results
    ADD CONSTRAINT testable_results_pkey PRIMARY KEY (id);


--
-- Name: testables testables_pkey; Type: CONSTRAINT; Schema: public; Owner: hugokawamata
--

ALTER TABLE ONLY public.testables
    ADD CONSTRAINT testables_pkey PRIMARY KEY (id);


--
-- Name: user_characters user_characters_pkey; Type: CONSTRAINT; Schema: public; Owner: hugokawamata
--

ALTER TABLE ONLY public.user_characters
    ADD CONSTRAINT user_characters_pkey PRIMARY KEY (user_id, character_id);


--
-- Name: user_courses user_courses_pkey; Type: CONSTRAINT; Schema: public; Owner: hugokawamata
--

ALTER TABLE ONLY public.user_courses
    ADD CONSTRAINT user_courses_pkey PRIMARY KEY (user_id, course_id);


--
-- Name: accounts user_email_key; Type: CONSTRAINT; Schema: public; Owner: hugokawamata
--

ALTER TABLE ONLY public.accounts
    ADD CONSTRAINT user_email_key UNIQUE (email);


--
-- Name: accounts user_pkey; Type: CONSTRAINT; Schema: public; Owner: hugokawamata
--

ALTER TABLE ONLY public.accounts
    ADD CONSTRAINT user_pkey PRIMARY KEY (id);


--
-- Name: user_set_lessons user_set_lessons_pkey; Type: CONSTRAINT; Schema: public; Owner: hugokawamata
--

ALTER TABLE ONLY public.user_set_lessons
    ADD CONSTRAINT user_set_lessons_pkey PRIMARY KEY (user_id, set_lesson_id);


--
-- Name: user_testables user_testables_pkey; Type: CONSTRAINT; Schema: public; Owner: hugokawamata
--

ALTER TABLE ONLY public.user_testables
    ADD CONSTRAINT user_testables_pkey PRIMARY KEY (user_id, testable_id);


--
-- Name: user_words user_words_pkey; Type: CONSTRAINT; Schema: public; Owner: hugokawamata
--

ALTER TABLE ONLY public.user_words
    ADD CONSTRAINT user_words_pkey PRIMARY KEY (user_id, word_id);


--
-- Name: word_results word_results_pkey; Type: CONSTRAINT; Schema: public; Owner: hugokawamata
--

ALTER TABLE ONLY public.word_results
    ADD CONSTRAINT word_results_pkey PRIMARY KEY (id);


--
-- Name: words words_pkey; Type: CONSTRAINT; Schema: public; Owner: hugokawamata
--

ALTER TABLE ONLY public.words
    ADD CONSTRAINT words_pkey PRIMARY KEY (id);


--
-- Name: IDX_session_expire; Type: INDEX; Schema: public; Owner: hugokawamata
--

CREATE INDEX "IDX_session_expire" ON public.session USING btree (expire);


--
-- Name: character_results character_results_character_id_fkey; Type: FK CONSTRAINT; Schema: public; Owner: hugokawamata
--

ALTER TABLE ONLY public.character_results
    ADD CONSTRAINT character_results_character_id_fkey FOREIGN KEY (character_id) REFERENCES public.characters(id);


--
-- Name: character_results character_results_user_id_fkey; Type: FK CONSTRAINT; Schema: public; Owner: hugokawamata
--

ALTER TABLE ONLY public.character_results
    ADD CONSTRAINT character_results_user_id_fkey FOREIGN KEY (user_id) REFERENCES public.accounts(id) ON DELETE CASCADE;


--
-- Name: lectures lectures_set_lesson_fkey; Type: FK CONSTRAINT; Schema: public; Owner: hugokawamata
--

ALTER TABLE ONLY public.lectures
    ADD CONSTRAINT lectures_set_lesson_fkey FOREIGN KEY (set_lesson_id) REFERENCES public.set_lessons(id);


--
-- Name: set_lessons set_lessons_course_fkey; Type: FK CONSTRAINT; Schema: public; Owner: hugokawamata
--

ALTER TABLE ONLY public.set_lessons
    ADD CONSTRAINT set_lessons_course_fkey FOREIGN KEY (course_id) REFERENCES public.courses(id);


--
-- Name: testable_results testable_results_testable_id_fkey; Type: FK CONSTRAINT; Schema: public; Owner: hugokawamata
--

ALTER TABLE ONLY public.testable_results
    ADD CONSTRAINT testable_results_testable_id_fkey FOREIGN KEY (testable_id) REFERENCES public.testables(id);


--
-- Name: testable_results testable_results_user_id_fkey; Type: FK CONSTRAINT; Schema: public; Owner: hugokawamata
--

ALTER TABLE ONLY public.testable_results
    ADD CONSTRAINT testable_results_user_id_fkey FOREIGN KEY (user_id) REFERENCES public.accounts(id) ON DELETE CASCADE;


--
-- Name: testables testables_set_lesson_id_fkey; Type: FK CONSTRAINT; Schema: public; Owner: hugokawamata
--

ALTER TABLE ONLY public.testables
    ADD CONSTRAINT testables_set_lesson_id_fkey FOREIGN KEY (set_lesson_id) REFERENCES public.set_lessons(id);


--
-- Name: testables testables_word_id_fkey; Type: FK CONSTRAINT; Schema: public; Owner: hugokawamata
--

ALTER TABLE ONLY public.testables
    ADD CONSTRAINT testables_word_id_fkey FOREIGN KEY (word_id) REFERENCES public.words(id);


--
-- Name: user_characters user_characters_character_id_fkey; Type: FK CONSTRAINT; Schema: public; Owner: hugokawamata
--

ALTER TABLE ONLY public.user_characters
    ADD CONSTRAINT user_characters_character_id_fkey FOREIGN KEY (character_id) REFERENCES public.characters(id);


--
-- Name: user_characters user_characters_user_id_fkey; Type: FK CONSTRAINT; Schema: public; Owner: hugokawamata
--

ALTER TABLE ONLY public.user_characters
    ADD CONSTRAINT user_characters_user_id_fkey FOREIGN KEY (user_id) REFERENCES public.accounts(id) ON DELETE CASCADE;


--
-- Name: user_courses user_courses_course; Type: FK CONSTRAINT; Schema: public; Owner: hugokawamata
--

ALTER TABLE ONLY public.user_courses
    ADD CONSTRAINT user_courses_course FOREIGN KEY (course_id) REFERENCES public.courses(id);


--
-- Name: user_courses user_courses_user_id_fkey; Type: FK CONSTRAINT; Schema: public; Owner: hugokawamata
--

ALTER TABLE ONLY public.user_courses
    ADD CONSTRAINT user_courses_user_id_fkey FOREIGN KEY (user_id) REFERENCES public.accounts(id) ON DELETE CASCADE;


--
-- Name: user_set_lessons user_set_lessons_set_lesson; Type: FK CONSTRAINT; Schema: public; Owner: hugokawamata
--

ALTER TABLE ONLY public.user_set_lessons
    ADD CONSTRAINT user_set_lessons_set_lesson FOREIGN KEY (set_lesson_id) REFERENCES public.set_lessons(id);


--
-- Name: user_set_lessons user_set_lessons_user_id_fkey; Type: FK CONSTRAINT; Schema: public; Owner: hugokawamata
--

ALTER TABLE ONLY public.user_set_lessons
    ADD CONSTRAINT user_set_lessons_user_id_fkey FOREIGN KEY (user_id) REFERENCES public.accounts(id) ON DELETE CASCADE;


--
-- Name: user_testables user_testables_testable_id_fkey; Type: FK CONSTRAINT; Schema: public; Owner: hugokawamata
--

ALTER TABLE ONLY public.user_testables
    ADD CONSTRAINT user_testables_testable_id_fkey FOREIGN KEY (testable_id) REFERENCES public.testables(id);


--
-- Name: user_testables user_testables_user_id_fkey; Type: FK CONSTRAINT; Schema: public; Owner: hugokawamata
--

ALTER TABLE ONLY public.user_testables
    ADD CONSTRAINT user_testables_user_id_fkey FOREIGN KEY (user_id) REFERENCES public.accounts(id) ON DELETE CASCADE;


--
-- Name: user_words user_word_word_id_fkey; Type: FK CONSTRAINT; Schema: public; Owner: hugokawamata
--

ALTER TABLE ONLY public.user_words
    ADD CONSTRAINT user_word_word_id_fkey FOREIGN KEY (word_id) REFERENCES public.words(id);


--
-- Name: user_words user_words_user_id_fkey; Type: FK CONSTRAINT; Schema: public; Owner: hugokawamata
--

ALTER TABLE ONLY public.user_words
    ADD CONSTRAINT user_words_user_id_fkey FOREIGN KEY (user_id) REFERENCES public.accounts(id) ON DELETE CASCADE;


--
-- Name: word_results word_results_user_id_fkey; Type: FK CONSTRAINT; Schema: public; Owner: hugokawamata
--

ALTER TABLE ONLY public.word_results
    ADD CONSTRAINT word_results_user_id_fkey FOREIGN KEY (user_id) REFERENCES public.accounts(id) ON DELETE CASCADE;


--
-- Name: word_results word_results_word_id_fkey; Type: FK CONSTRAINT; Schema: public; Owner: hugokawamata
--

ALTER TABLE ONLY public.word_results
    ADD CONSTRAINT word_results_word_id_fkey FOREIGN KEY (word_id) REFERENCES public.words(id);


--
-- Name: words words_set_lesson_fkey; Type: FK CONSTRAINT; Schema: public; Owner: hugokawamata
--

ALTER TABLE ONLY public.words
    ADD CONSTRAINT words_set_lesson_fkey FOREIGN KEY (set_lesson_id) REFERENCES public.set_lessons(id);


--
-- Name: SCHEMA public; Type: ACL; Schema: -; Owner: hugokawamata
--

REVOKE ALL ON SCHEMA public FROM rdsadmin;
REVOKE ALL ON SCHEMA public FROM PUBLIC;
GRANT ALL ON SCHEMA public TO hugokawamata;
GRANT ALL ON SCHEMA public TO PUBLIC;


--
-- PostgreSQL database dump complete
--

